repo,metric,date,value,source
https://codeberg.org/guix/guix,commit,2026-08-18,2026-08-18,sample
https://codeberg.org/guix/guix,release,2026-08-13,2026-01-21,sample
https://codeberg.org/guix/guix,release_source,2026-08-13,tag,sample
https://codeberg.org/guix/guix,stars,2023-06-22,0,created
https://codeberg.org/guix/guix,stars,2026-08-13,897,sample
https://codeberg.org/guix/guix,stars,2026-08-17,909,sample
https://codeberg.org/guix/guix,stars,2026-08-18,909,sample
https://github.com/E5ten/pacaur,commit,2026-08-13,2021-04-22,sample
https://github.com/E5ten/pacaur,release,2026-08-13,2019-04-01,sample
https://github.com/E5ten/pacaur,release_source,2026-08-13,tag,sample
https://github.com/E5ten/pacaur,stars,2018-10-12,0,created
https://github.com/E5ten/pacaur,stars,2026-08-13,116,sample
https://github.com/E5ten/pacaur,stars,2026-08-17,116,sample
https://github.com/E5ten/pacaur,stars,2026-08-18,116,sample
https://github.com/HaxeFoundation/haxelib,commit,2026-08-13,2026-01-10,sample
https://github.com/HaxeFoundation/haxelib,release,2026-08-13,2025-07-14,sample
https://github.com/HaxeFoundation/haxelib,release_source,2026-08-13,release,sample
https://github.com/HaxeFoundation/haxelib,stars,2013-03-14,0,created
https://github.com/HaxeFoundation/haxelib,stars,2026-08-13,195,sample
https://github.com/HaxeFoundation/haxelib,stars,2026-08-17,195,sample
https://github.com/HaxeFoundation/haxelib,stars,2026-08-18,195,sample
https://github.com/Homebrew/brew,commit,2026-08-17,2026-08-17,sample
https://github.com/Homebrew/brew,release,2026-08-17,2026-08-17,sample
https://github.com/Homebrew/brew,release_source,2026-08-13,release,sample
https://github.com/Homebrew/brew,stars,2016-03-06,0,created
https://github.com/Homebrew/brew,stars,2026-08-13,49145,sample
https://github.com/Homebrew/brew,stars,2026-08-17,49185,sample
https://github.com/Homebrew/brew,stars,2026-08-18,49188,sample
https://github.com/Homebrew/homebrew-cask,commit,2026-08-18,2026-08-18,sample
https://github.com/Homebrew/homebrew-cask,release,2026-08-13,2016-01-11,sample
https://github.com/Homebrew/homebrew-cask,release_source,2026-08-13,release,sample
https://github.com/Homebrew/homebrew-cask,stars,2012-03-05,0,created
https://github.com/Homebrew/homebrew-cask,stars,2026-08-13,22165,sample
https://github.com/Homebrew/homebrew-cask,stars,2026-08-17,22170,sample
https://github.com/Homebrew/homebrew-cask,stars,2026-08-18,22168,sample
https://github.com/Jguer/yay,commit,2026-08-13,2026-08-07,sample
https://github.com/Jguer/yay,release,2026-08-13,2026-06-19,sample
https://github.com/Jguer/yay,release_source,2026-08-13,release,sample
https://github.com/Jguer/yay,stars,2016-09-05,0,created
https://github.com/Jguer/yay,stars,2026-08-13,13674,sample
https://github.com/Jguer/yay,stars,2026-08-17,13683,sample
https://github.com/Jguer/yay,stars,2026-08-18,13684,sample
https://github.com/JuliaLang/juliaup,commit,2026-08-17,2026-08-17,sample
https://github.com/JuliaLang/juliaup,release,2026-08-18,2026-08-17,sample
https://github.com/JuliaLang/juliaup,release_source,2026-08-13,tag,sample
https://github.com/JuliaLang/juliaup,stars,2020-06-19,0,created
https://github.com/JuliaLang/juliaup,stars,2026-08-13,1295,sample
https://github.com/JuliaLang/juliaup,stars,2026-08-17,1295,sample
https://github.com/JuliaLang/juliaup,stars,2026-08-18,1295,sample
https://github.com/MiKTeX/miktex,commit,2026-08-17,2026-08-02,sample
https://github.com/MiKTeX/miktex,release,2026-08-17,2026-05-14,sample
https://github.com/MiKTeX/miktex,release_source,2026-08-17,release,sample
https://github.com/MiKTeX/miktex,stars,2016-06-24,0,created
https://github.com/MiKTeX/miktex,stars,2026-08-17,975,sample
https://github.com/MiKTeX/miktex,stars,2026-08-18,974,sample
https://github.com/MordechaiHadad/bob,commit,2026-08-17,2026-08-10,sample
https://github.com/MordechaiHadad/bob,release,2026-08-17,2026-08-10,sample
https://github.com/MordechaiHadad/bob,release_source,2026-08-17,tag,sample
https://github.com/MordechaiHadad/bob,stars,2022-02-06,0,created
https://github.com/MordechaiHadad/bob,stars,2026-08-17,2136,sample
https://github.com/MordechaiHadad/bob,stars,2026-08-18,2136,sample
https://github.com/Morganamilo/paru,commit,2026-08-13,2026-01-09,sample
https://github.com/Morganamilo/paru,release,2026-08-13,2025-07-08,sample
https://github.com/Morganamilo/paru,release_source,2026-08-13,release,sample
https://github.com/Morganamilo/paru,stars,2020-08-05,0,created
https://github.com/Morganamilo/paru,stars,2026-08-13,8939,sample
https://github.com/Morganamilo/paru,stars,2026-08-17,8940,sample
https://github.com/Morganamilo/paru,stars,2026-08-18,8943,sample
https://github.com/NetBSDfr/pkgin,commit,2026-08-13,2026-06-18,sample
https://github.com/NetBSDfr/pkgin,release,2026-08-13,2026-04-20,sample
https://github.com/NetBSDfr/pkgin,release_source,2026-08-13,tag,sample
https://github.com/NetBSDfr/pkgin,stars,2013-04-10,0,created
https://github.com/NetBSDfr/pkgin,stars,2026-08-13,150,sample
https://github.com/NetBSDfr/pkgin,stars,2026-08-17,151,sample
https://github.com/NetBSDfr/pkgin,stars,2026-08-18,151,sample
https://github.com/NixOS/nix,commit,2026-08-17,2026-08-17,sample
https://github.com/NixOS/nix,release,2026-08-13,2026-08-12,sample
https://github.com/NixOS/nix,release_source,2026-08-13,tag,sample
https://github.com/NixOS/nix,stars,2012-02-08,0,created
https://github.com/NixOS/nix,stars,2026-08-13,17502,sample
https://github.com/NixOS/nix,stars,2026-08-17,17514,sample
https://github.com/NixOS/nix,stars,2026-08-18,17517,sample
https://github.com/PackageKit/PackageKit,commit,2026-08-17,2026-08-17,sample
https://github.com/PackageKit/PackageKit,release,2026-08-13,2026-06-16,sample
https://github.com/PackageKit/PackageKit,release_source,2026-08-13,tag,sample
https://github.com/PackageKit/PackageKit,stars,2014-09-09,0,created
https://github.com/PackageKit/PackageKit,stars,2026-08-13,345,sample
https://github.com/PackageKit/PackageKit,stars,2026-08-17,345,sample
https://github.com/PackageKit/PackageKit,stars,2026-08-18,346,sample
https://github.com/PowerShell/PSResourceGet,commit,2026-08-17,2026-08-13,sample
https://github.com/PowerShell/PSResourceGet,release,2026-08-13,2026-05-20,sample
https://github.com/PowerShell/PSResourceGet,release_source,2026-08-13,tag,sample
https://github.com/PowerShell/PSResourceGet,stars,2020-03-18,0,created
https://github.com/PowerShell/PSResourceGet,stars,2026-08-13,570,sample
https://github.com/PowerShell/PSResourceGet,stars,2026-08-17,571,sample
https://github.com/PowerShell/PSResourceGet,stars,2026-08-18,571,sample
https://github.com/ScoopInstaller/Scoop,commit,2026-08-13,2025-08-12,sample
https://github.com/ScoopInstaller/Scoop,release,2026-08-13,2025-08-12,sample
https://github.com/ScoopInstaller/Scoop,release_source,2026-08-13,release,sample
https://github.com/ScoopInstaller/Scoop,stars,2013-05-11,0,created
https://github.com/ScoopInstaller/Scoop,stars,2026-08-13,24544,sample
https://github.com/ScoopInstaller/Scoop,stars,2026-08-17,24552,sample
https://github.com/ScoopInstaller/Scoop,stars,2026-08-18,24551,sample
https://github.com/TeX-Live/texlive-source,commit,2026-08-18,2026-08-17,sample
https://github.com/TeX-Live/texlive-source,release,2026-08-13,2026-03-17,sample
https://github.com/TeX-Live/texlive-source,release_source,2026-08-13,tag,sample
https://github.com/TeX-Live/texlive-source,stars,2018-01-19,0,created
https://github.com/TeX-Live/texlive-source,stars,2026-08-13,358,sample
https://github.com/TeX-Live/texlive-source,stars,2026-08-17,359,sample
https://github.com/TeX-Live/texlive-source,stars,2026-08-18,359,sample
https://github.com/VSCodium/vscodium,commit,2026-08-13,2026-08-06,sample
https://github.com/VSCodium/vscodium,release,2026-08-13,2026-07-07,sample
https://github.com/VSCodium/vscodium,release_source,2026-08-13,release,sample
https://github.com/VSCodium/vscodium,stars,2018-08-13,0,created
https://github.com/VSCodium/vscodium,stars,2026-08-13,32808,sample
https://github.com/VSCodium/vscodium,stars,2026-08-17,32856,sample
https://github.com/VSCodium/vscodium,stars,2026-08-18,32859,sample
https://github.com/XcodesOrg/xcodes,commit,2026-08-13,2026-07-08,sample
https://github.com/XcodesOrg/xcodes,release,2026-08-13,2026-07-08,sample
https://github.com/XcodesOrg/xcodes,release_source,2026-08-13,release,sample
https://github.com/XcodesOrg/xcodes,stars,2019-02-22,0,created
https://github.com/XcodesOrg/xcodes,stars,2026-08-13,4749,sample
https://github.com/XcodesOrg/xcodes,stars,2026-08-17,4752,sample
https://github.com/XcodesOrg/xcodes,stars,2026-08-18,4753,sample
https://github.com/actionless/pikaur,commit,2026-08-13,2026-03-07,sample
https://github.com/actionless/pikaur,release,2026-08-13,2026-03-07,sample
https://github.com/actionless/pikaur,release_source,2026-08-13,release,sample
https://github.com/actionless/pikaur,stars,2018-01-29,0,created
https://github.com/actionless/pikaur,stars,2026-08-13,953,sample
https://github.com/actionless/pikaur,stars,2026-08-17,953,sample
https://github.com/actionless/pikaur,stars,2026-08-18,954,sample
https://github.com/andk/cpanpm,commit,2026-08-13,2026-07-16,sample
https://github.com/andk/cpanpm,release,2026-08-13,2026-05-24,sample
https://github.com/andk/cpanpm,release_source,2026-08-13,tag,sample
https://github.com/andk/cpanpm,stars,2008-12-10,0,created
https://github.com/andk/cpanpm,stars,2026-08-13,90,sample
https://github.com/andk/cpanpm,stars,2026-08-17,90,sample
https://github.com/andk/cpanpm,stars,2026-08-18,90,sample
https://github.com/asdf-vm/asdf,commit,2026-08-13,2026-08-12,sample
https://github.com/asdf-vm/asdf,release,2026-08-13,2026-07-07,sample
https://github.com/asdf-vm/asdf,release_source,2026-08-13,release,sample
https://github.com/asdf-vm/asdf,stars,2014-11-29,0,created
https://github.com/asdf-vm/asdf,stars,2026-08-13,25520,sample
https://github.com/asdf-vm/asdf,stars,2026-08-17,25532,sample
https://github.com/asdf-vm/asdf,stars,2026-08-18,25534,sample
https://github.com/astral-sh/uv,commit,2026-08-17,2026-08-17,sample
https://github.com/astral-sh/uv,release,2026-08-17,2026-08-14,sample
https://github.com/astral-sh/uv,release_source,2026-08-13,release,sample
https://github.com/astral-sh/uv,stars,2023-10-02,0,created
https://github.com/astral-sh/uv,stars,2026-08-13,88712,sample
https://github.com/astral-sh/uv,stars,2026-08-17,88811,sample
https://github.com/astral-sh/uv,stars,2026-08-18,88820,sample
https://github.com/atom/apm,commit,2026-08-13,2022-09-28,sample
https://github.com/atom/apm,release,2026-08-13,2021-06-21,sample
https://github.com/atom/apm,release_source,2026-08-13,tag,sample
https://github.com/atom/apm,stars,2013-05-07,0,created
https://github.com/atom/apm,stars,2026-08-13,1268,sample
https://github.com/atom/apm,stars,2026-08-17,1268,sample
https://github.com/atom/apm,stars,2026-08-18,1268,sample
https://github.com/bpkg/bpkg,commit,2026-08-17,2023-09-19,sample
https://github.com/bpkg/bpkg,release,2026-08-17,2023-03-12,sample
https://github.com/bpkg/bpkg,release_source,2026-08-17,tag,sample
https://github.com/bpkg/bpkg,stars,2014-05-22,0,created
https://github.com/bpkg/bpkg,stars,2026-08-17,1974,sample
https://github.com/bpkg/bpkg,stars,2026-08-18,1974,sample
https://github.com/canonical/snapd,commit,2026-08-18,2026-08-18,sample
https://github.com/canonical/snapd,release,2026-08-13,2026-08-11,sample
https://github.com/canonical/snapd,release_source,2026-08-13,release,sample
https://github.com/canonical/snapd,stars,2015-10-21,0,created
https://github.com/canonical/snapd,stars,2026-08-13,2039,sample
https://github.com/canonical/snapd,stars,2026-08-17,2039,sample
https://github.com/canonical/snapd,stars,2026-08-18,2039,sample
https://github.com/chocolatey/choco,commit,2026-08-13,2026-08-05,sample
https://github.com/chocolatey/choco,release,2026-08-13,2026-08-05,sample
https://github.com/chocolatey/choco,release_source,2026-08-13,tag,sample
https://github.com/chocolatey/choco,stars,2014-12-30,0,created
https://github.com/chocolatey/choco,stars,2026-08-13,11485,sample
https://github.com/chocolatey/choco,stars,2026-08-17,11486,sample
https://github.com/chocolatey/choco,stars,2026-08-18,11487,sample
https://github.com/chromebrew/chromebrew,commit,2026-08-17,2026-08-17,sample
https://github.com/chromebrew/chromebrew,release,2026-08-13,2017-01-13,sample
https://github.com/chromebrew/chromebrew,release_source,2026-08-13,release,sample
https://github.com/chromebrew/chromebrew,stars,2013-08-05,0,created
https://github.com/chromebrew/chromebrew,stars,2026-08-13,2497,sample
https://github.com/chromebrew/chromebrew,stars,2026-08-17,2500,sample
https://github.com/chromebrew/chromebrew,stars,2026-08-18,2499,sample
https://github.com/clearlinux/swupd-client,commit,2026-08-13,2025-08-07,sample
https://github.com/clearlinux/swupd-client,release,2026-08-13,2025-04-24,sample
https://github.com/clearlinux/swupd-client,release_source,2026-08-13,release,sample
https://github.com/clearlinux/swupd-client,stars,2016-02-24,0,created
https://github.com/clearlinux/swupd-client,stars,2026-08-13,121,sample
https://github.com/clearlinux/swupd-client,stars,2026-08-18,121,sample
https://github.com/cli/cli,commit,2026-08-17,2026-08-14,sample
https://github.com/cli/cli,release,2026-08-13,2026-07-31,sample
https://github.com/cli/cli,release_source,2026-08-13,release,sample
https://github.com/cli/cli,stars,2019-10-03,0,created
https://github.com/cli/cli,stars,2026-08-13,45848,sample
https://github.com/cli/cli,stars,2026-08-17,45861,sample
https://github.com/cli/cli,stars,2026-08-18,45865,sample
https://github.com/clibs/clib,commit,2026-08-17,2026-07-18,sample
https://github.com/clibs/clib,release,2026-08-17,2024-06-27,sample
https://github.com/clibs/clib,release_source,2026-08-17,release,sample
https://github.com/clibs/clib,stars,2012-10-28,0,created
https://github.com/clibs/clib,stars,2026-08-17,5141,sample
https://github.com/clibs/clib,stars,2026-08-18,5141,sample
https://github.com/composer/composer,commit,2026-08-13,2026-08-12,sample
https://github.com/composer/composer,release,2026-08-13,2026-07-01,sample
https://github.com/composer/composer,release_source,2026-08-13,release,sample
https://github.com/composer/composer,stars,2011-06-08,0,created
https://github.com/composer/composer,stars,2026-08-13,29496,sample
https://github.com/composer/composer,stars,2026-08-18,29500,sample
https://github.com/conda/conda,commit,2026-08-17,2026-08-17,sample
https://github.com/conda/conda,release,2026-08-13,2026-07-31,sample
https://github.com/conda/conda,release_source,2026-08-13,release,sample
https://github.com/conda/conda,stars,2012-10-15,0,created
https://github.com/conda/conda,stars,2026-08-13,7485,sample
https://github.com/conda/conda,stars,2026-08-17,7485,sample
https://github.com/conda/conda,stars,2026-08-18,7485,sample
https://github.com/devkitPro/pacman,commit,2026-08-13,2024-08-02,sample
https://github.com/devkitPro/pacman,release,2026-08-13,2024-07-14,sample
https://github.com/devkitPro/pacman,release_source,2026-08-13,tag,sample
https://github.com/devkitPro/pacman,stars,2017-02-01,0,created
https://github.com/devkitPro/pacman,stars,2026-08-13,199,sample
https://github.com/devkitPro/pacman,stars,2026-08-18,199,sample
https://github.com/dotnet/sdk,commit,2026-08-18,2026-08-17,sample
https://github.com/dotnet/sdk,release,2026-08-13,2026-08-11,sample
https://github.com/dotnet/sdk,release_source,2026-08-13,release,sample
https://github.com/dotnet/sdk,stars,2016-07-22,0,created
https://github.com/dotnet/sdk,stars,2026-08-13,3187,sample
https://github.com/dotnet/sdk,stars,2026-08-18,3188,sample
https://github.com/essembeh/gnome-extensions-cli,commit,2026-08-17,2026-03-11,sample
https://github.com/essembeh/gnome-extensions-cli,release,2026-08-17,2026-02-24,sample
https://github.com/essembeh/gnome-extensions-cli,release_source,2026-08-17,tag,sample
https://github.com/essembeh/gnome-extensions-cli,stars,2020-05-15,0,created
https://github.com/essembeh/gnome-extensions-cli,stars,2026-08-17,179,sample
https://github.com/essembeh/gnome-extensions-cli,stars,2026-08-18,179,sample
https://github.com/fink/fink,commit,2026-08-13,2026-07-10,sample
https://github.com/fink/fink,release,2026-08-13,2022-02-19,sample
https://github.com/fink/fink,release_source,2026-08-13,tag,sample
https://github.com/fink/fink,stars,2011-09-29,0,created
https://github.com/fink/fink,stars,2026-08-13,277,sample
https://github.com/fink/fink,stars,2026-08-18,277,sample
https://github.com/flatpak/flatpak,commit,2026-08-17,2026-08-17,sample
https://github.com/flatpak/flatpak,release,2026-08-13,2026-08-11,sample
https://github.com/flatpak/flatpak,release_source,2026-08-13,release,sample
https://github.com/flatpak/flatpak,stars,2016-05-19,0,created
https://github.com/flatpak/flatpak,stars,2026-08-13,5022,sample
https://github.com/flatpak/flatpak,stars,2026-08-17,5030,sample
https://github.com/flatpak/flatpak,stars,2026-08-18,5030,sample
https://github.com/folke/lazy.nvim,commit,2026-08-13,2025-12-17,sample
https://github.com/folke/lazy.nvim,release,2026-08-13,2025-11-06,sample
https://github.com/folke/lazy.nvim,release_source,2026-08-13,release,sample
https://github.com/folke/lazy.nvim,stars,2022-11-20,0,created
https://github.com/folke/lazy.nvim,stars,2026-08-13,21406,sample
https://github.com/folke/lazy.nvim,stars,2026-08-17,21421,sample
https://github.com/folke/lazy.nvim,stars,2026-08-18,21426,sample
https://github.com/freebsd/freebsd-ports,commit,2026-08-18,2026-08-18,sample
https://github.com/freebsd/freebsd-ports,release,2026-08-13,2026-05-30,sample
https://github.com/freebsd/freebsd-ports,release_source,2026-08-13,tag,sample
https://github.com/freebsd/freebsd-ports,stars,2011-05-26,0,created
https://github.com/freebsd/freebsd-ports,stars,2026-08-13,1195,sample
https://github.com/freebsd/freebsd-ports,stars,2026-08-17,1194,sample
https://github.com/freebsd/freebsd-ports,stars,2026-08-18,1194,sample
https://github.com/freebsd/pkg,commit,2026-08-17,2026-08-17,sample
https://github.com/freebsd/pkg,release,2026-08-13,2026-08-12,sample
https://github.com/freebsd/pkg,release_source,2026-08-13,tag,sample
https://github.com/freebsd/pkg,stars,2011-03-26,0,created
https://github.com/freebsd/pkg,stars,2026-08-13,827,sample
https://github.com/freebsd/pkg,stars,2026-08-17,827,sample
https://github.com/freebsd/pkg,stars,2026-08-18,827,sample
https://github.com/fwupd/fwupd,commit,2026-08-18,2026-08-18,sample
https://github.com/fwupd/fwupd,release,2026-08-13,2026-07-27,sample
https://github.com/fwupd/fwupd,release_source,2026-08-13,release,sample
https://github.com/fwupd/fwupd,stars,2015-02-26,0,created
https://github.com/fwupd/fwupd,stars,2026-08-13,4113,sample
https://github.com/fwupd/fwupd,stars,2026-08-17,4116,sample
https://github.com/fwupd/fwupd,stars,2026-08-18,4116,sample
https://github.com/gentoo/portage,commit,2026-08-17,2026-08-17,sample
https://github.com/gentoo/portage,release,2026-08-13,2026-07-10,sample
https://github.com/gentoo/portage,release_source,2026-08-13,tag,sample
https://github.com/gentoo/portage,stars,2014-01-12,0,created
https://github.com/gentoo/portage,stars,2026-08-13,661,sample
https://github.com/gentoo/portage,stars,2026-08-17,662,sample
https://github.com/gentoo/portage,stars,2026-08-18,662,sample
https://github.com/getnf/getnf,commit,2026-08-17,2026-06-19,sample
https://github.com/getnf/getnf,release,2026-08-17,2026-03-20,sample
https://github.com/getnf/getnf,release_source,2026-08-17,release,sample
https://github.com/getnf/getnf,stars,2020-08-05,0,created
https://github.com/getnf/getnf,stars,2026-08-17,1256,sample
https://github.com/getnf/getnf,stars,2026-08-18,1256,sample
https://github.com/getsolus/eopkg,commit,2026-08-13,2026-08-02,sample
https://github.com/getsolus/eopkg,release,2026-08-13,2026-07-08,sample
https://github.com/getsolus/eopkg,release_source,2026-08-13,release,sample
https://github.com/getsolus/eopkg,stars,2018-09-18,0,created
https://github.com/getsolus/eopkg,stars,2026-08-13,17,sample
https://github.com/getsolus/eopkg,stars,2026-08-18,17,sample
https://github.com/hashicorp/vagrant,commit,2026-08-13,2026-08-03,sample
https://github.com/hashicorp/vagrant,release,2026-08-13,2026-06-01,sample
https://github.com/hashicorp/vagrant,release_source,2026-08-13,tag,sample
https://github.com/hashicorp/vagrant,stars,2010-01-21,0,created
https://github.com/hashicorp/vagrant,stars,2026-08-13,27202,sample
https://github.com/hashicorp/vagrant,stars,2026-08-17,27197,sample
https://github.com/hashicorp/vagrant,stars,2026-08-18,27198,sample
https://github.com/haskell/ghcup-hs,commit,2026-08-13,2026-08-13,sample
https://github.com/haskell/ghcup-hs,release,2026-08-13,2026-06-16,sample
https://github.com/haskell/ghcup-hs,release_source,2026-08-13,release,sample
https://github.com/haskell/ghcup-hs,stars,2020-03-08,0,created
https://github.com/haskell/ghcup-hs,stars,2026-08-13,354,sample
https://github.com/haskell/ghcup-hs,stars,2026-08-17,355,sample
https://github.com/haskell/ghcup-hs,stars,2026-08-18,355,sample
https://github.com/hyperupcall/basalt,commit,2026-08-17,2026-06-27,sample
https://github.com/hyperupcall/basalt,release,2026-08-17,2021-10-16,sample
https://github.com/hyperupcall/basalt,release_source,2026-08-17,release,sample
https://github.com/hyperupcall/basalt,stars,2021-06-26,0,created
https://github.com/hyperupcall/basalt,stars,2026-08-17,81,sample
https://github.com/hyperupcall/basalt,stars,2026-08-18,82,sample
https://github.com/ivan-hc/AM,commit,2026-08-17,2026-08-17,sample
https://github.com/ivan-hc/AM,release,2026-08-17,2026-08-15,sample
https://github.com/ivan-hc/AM,release_source,2026-08-17,release,sample
https://github.com/ivan-hc/AM,stars,2021-11-17,0,created
https://github.com/ivan-hc/AM,stars,2026-08-17,1330,sample
https://github.com/ivan-hc/AM,stars,2026-08-18,1332,sample
https://github.com/janet-lang/jpm,commit,2026-08-17,2026-03-18,sample
https://github.com/janet-lang/jpm,release,2026-08-17,2026-02-19,sample
https://github.com/janet-lang/jpm,release_source,2026-08-17,tag,sample
https://github.com/janet-lang/jpm,stars,2021-06-14,0,created
https://github.com/janet-lang/jpm,stars,2026-08-17,102,sample
https://github.com/janet-lang/jpm,stars,2026-08-18,102,sample
https://github.com/jaos/slapt-get,commit,2026-08-13,2026-06-09,sample
https://github.com/jaos/slapt-get,release,2026-08-13,2025-01-04,sample
https://github.com/jaos/slapt-get,release_source,2026-08-13,tag,sample
https://github.com/jaos/slapt-get,stars,2014-05-28,0,created
https://github.com/jaos/slapt-get,stars,2026-08-13,46,sample
https://github.com/jaos/slapt-get,stars,2026-08-17,46,sample
https://github.com/jaos/slapt-get,stars,2026-08-18,46,sample
https://github.com/jdx/mise,commit,2026-08-17,2026-08-17,sample
https://github.com/jdx/mise,release,2026-08-17,2026-08-17,sample
https://github.com/jdx/mise,release_source,2026-08-13,release,sample
https://github.com/jdx/mise,stars,2023-01-09,0,created
https://github.com/jdx/mise,stars,2026-08-13,32364,sample
https://github.com/jdx/mise,stars,2026-08-17,32612,sample
https://github.com/jdx/mise,stars,2026-08-18,32630,sample
https://github.com/jorgebucaran/fisher,commit,2026-08-13,2026-01-25,sample
https://github.com/jorgebucaran/fisher,release,2026-08-13,2026-01-25,sample
https://github.com/jorgebucaran/fisher,release_source,2026-08-13,release,sample
https://github.com/jorgebucaran/fisher,stars,2015-09-24,0,created
https://github.com/jorgebucaran/fisher,stars,2026-08-13,9393,sample
https://github.com/jorgebucaran/fisher,stars,2026-08-17,9395,sample
https://github.com/jorgebucaran/fisher,stars,2026-08-18,9395,sample
https://github.com/kdeldycke/meta-package-manager,commit,2026-08-17,2026-08-17,sample
https://github.com/kdeldycke/meta-package-manager,release,2026-08-17,2026-08-11,sample
https://github.com/kdeldycke/meta-package-manager,release_source,2026-08-17,release,sample
https://github.com/kdeldycke/meta-package-manager,stars,2016-08-17,0,created
https://github.com/kdeldycke/meta-package-manager,stars,2016-08-22,1,github
https://github.com/kdeldycke/meta-package-manager,stars,2016-11-21,2,github
https://github.com/kdeldycke/meta-package-manager,stars,2016-12-09,3,github
https://github.com/kdeldycke/meta-package-manager,stars,2016-12-14,4,github
https://github.com/kdeldycke/meta-package-manager,stars,2016-12-15,5,github
https://github.com/kdeldycke/meta-package-manager,stars,2017-01-13,7,github
https://github.com/kdeldycke/meta-package-manager,stars,2017-01-17,8,github
https://github.com/kdeldycke/meta-package-manager,stars,2017-02-03,9,github
https://github.com/kdeldycke/meta-package-manager,stars,2017-02-22,10,github
https://github.com/kdeldycke/meta-package-manager,stars,2017-03-02,11,github
https://github.com/kdeldycke/meta-package-manager,stars,2017-04-17,12,github
https://github.com/kdeldycke/meta-package-manager,stars,2017-05-18,13,github
https://github.com/kdeldycke/meta-package-manager,stars,2017-05-24,14,github
https://github.com/kdeldycke/meta-package-manager,stars,2017-06-07,15,github
https://github.com/kdeldycke/meta-package-manager,stars,2017-06-10,16,github
https://github.com/kdeldycke/meta-package-manager,stars,2017-08-11,17,github
https://github.com/kdeldycke/meta-package-manager,stars,2017-09-27,18,github
https://github.com/kdeldycke/meta-package-manager,stars,2017-09-30,19,github
https://github.com/kdeldycke/meta-package-manager,stars,2017-10-18,20,github
https://github.com/kdeldycke/meta-package-manager,stars,2017-10-26,21,github
https://github.com/kdeldycke/meta-package-manager,stars,2017-10-28,22,github
https://github.com/kdeldycke/meta-package-manager,stars,2017-11-07,23,github
https://github.com/kdeldycke/meta-package-manager,stars,2017-11-08,24,github
https://github.com/kdeldycke/meta-package-manager,stars,2017-12-04,25,github
https://github.com/kdeldycke/meta-package-manager,stars,2017-12-11,26,github
https://github.com/kdeldycke/meta-package-manager,stars,2018-01-09,27,github
https://github.com/kdeldycke/meta-package-manager,stars,2018-03-26,28,github
https://github.com/kdeldycke/meta-package-manager,stars,2018-04-01,29,github
https://github.com/kdeldycke/meta-package-manager,stars,2018-04-02,30,github
https://github.com/kdeldycke/meta-package-manager,stars,2018-04-05,31,github
https://github.com/kdeldycke/meta-package-manager,stars,2018-04-07,32,github
https://github.com/kdeldycke/meta-package-manager,stars,2018-04-20,33,github
https://github.com/kdeldycke/meta-package-manager,stars,2018-05-05,34,github
https://github.com/kdeldycke/meta-package-manager,stars,2018-06-11,35,github
https://github.com/kdeldycke/meta-package-manager,stars,2018-06-20,36,github
https://github.com/kdeldycke/meta-package-manager,stars,2018-07-02,37,github
https://github.com/kdeldycke/meta-package-manager,stars,2018-07-09,38,github
https://github.com/kdeldycke/meta-package-manager,stars,2018-07-13,39,github
https://github.com/kdeldycke/meta-package-manager,stars,2018-08-31,40,github
https://github.com/kdeldycke/meta-package-manager,stars,2018-10-06,41,github
https://github.com/kdeldycke/meta-package-manager,stars,2018-10-28,42,github
https://github.com/kdeldycke/meta-package-manager,stars,2018-11-15,43,github
https://github.com/kdeldycke/meta-package-manager,stars,2018-11-30,44,github
https://github.com/kdeldycke/meta-package-manager,stars,2018-12-29,45,github
https://github.com/kdeldycke/meta-package-manager,stars,2019-01-25,46,github
https://github.com/kdeldycke/meta-package-manager,stars,2019-06-05,47,github
https://github.com/kdeldycke/meta-package-manager,stars,2019-06-14,48,github
https://github.com/kdeldycke/meta-package-manager,stars,2019-07-18,49,github
https://github.com/kdeldycke/meta-package-manager,stars,2019-07-28,50,github
https://github.com/kdeldycke/meta-package-manager,stars,2019-08-12,51,github
https://github.com/kdeldycke/meta-package-manager,stars,2019-08-26,52,github
https://github.com/kdeldycke/meta-package-manager,stars,2019-09-30,53,github
https://github.com/kdeldycke/meta-package-manager,stars,2019-10-20,54,github
https://github.com/kdeldycke/meta-package-manager,stars,2019-10-26,55,github
https://github.com/kdeldycke/meta-package-manager,stars,2019-11-19,56,github
https://github.com/kdeldycke/meta-package-manager,stars,2020-01-21,57,github
https://github.com/kdeldycke/meta-package-manager,stars,2020-02-13,58,github
https://github.com/kdeldycke/meta-package-manager,stars,2020-02-16,59,github
https://github.com/kdeldycke/meta-package-manager,stars,2020-03-20,60,github
https://github.com/kdeldycke/meta-package-manager,stars,2020-03-31,61,github
https://github.com/kdeldycke/meta-package-manager,stars,2020-04-28,62,github
https://github.com/kdeldycke/meta-package-manager,stars,2020-05-04,63,github
https://github.com/kdeldycke/meta-package-manager,stars,2020-06-11,64,github
https://github.com/kdeldycke/meta-package-manager,stars,2020-07-01,65,github
https://github.com/kdeldycke/meta-package-manager,stars,2020-07-08,66,github
https://github.com/kdeldycke/meta-package-manager,stars,2020-07-24,68,github
https://github.com/kdeldycke/meta-package-manager,stars,2020-07-25,69,github
https://github.com/kdeldycke/meta-package-manager,stars,2020-07-30,70,github
https://github.com/kdeldycke/meta-package-manager,stars,2020-08-04,73,github
https://github.com/kdeldycke/meta-package-manager,stars,2020-08-06,74,github
https://github.com/kdeldycke/meta-package-manager,stars,2020-08-07,76,github
https://github.com/kdeldycke/meta-package-manager,stars,2020-08-09,77,github
https://github.com/kdeldycke/meta-package-manager,stars,2020-08-17,78,github
https://github.com/kdeldycke/meta-package-manager,stars,2020-08-21,79,github
https://github.com/kdeldycke/meta-package-manager,stars,2020-08-27,80,github
https://github.com/kdeldycke/meta-package-manager,stars,2020-10-18,81,github
https://github.com/kdeldycke/meta-package-manager,stars,2020-11-05,82,github
https://github.com/kdeldycke/meta-package-manager,stars,2020-11-06,83,github
https://github.com/kdeldycke/meta-package-manager,stars,2020-11-13,84,github
https://github.com/kdeldycke/meta-package-manager,stars,2020-11-14,85,github
https://github.com/kdeldycke/meta-package-manager,stars,2020-12-10,87,github
https://github.com/kdeldycke/meta-package-manager,stars,2020-12-11,88,github
https://github.com/kdeldycke/meta-package-manager,stars,2021-01-03,91,github
https://github.com/kdeldycke/meta-package-manager,stars,2021-01-18,92,github
https://github.com/kdeldycke/meta-package-manager,stars,2021-01-31,93,github
https://github.com/kdeldycke/meta-package-manager,stars,2021-02-05,94,github
https://github.com/kdeldycke/meta-package-manager,stars,2021-02-17,95,github
https://github.com/kdeldycke/meta-package-manager,stars,2021-02-28,96,github
https://github.com/kdeldycke/meta-package-manager,stars,2021-04-04,97,github
https://github.com/kdeldycke/meta-package-manager,stars,2021-04-30,98,github
https://github.com/kdeldycke/meta-package-manager,stars,2021-05-17,99,github
https://github.com/kdeldycke/meta-package-manager,stars,2021-06-04,100,github
https://github.com/kdeldycke/meta-package-manager,stars,2021-06-05,101,github
https://github.com/kdeldycke/meta-package-manager,stars,2021-06-10,102,github
https://github.com/kdeldycke/meta-package-manager,stars,2021-06-22,103,github
https://github.com/kdeldycke/meta-package-manager,stars,2021-06-30,104,github
https://github.com/kdeldycke/meta-package-manager,stars,2021-08-05,105,github
https://github.com/kdeldycke/meta-package-manager,stars,2021-08-07,106,github
https://github.com/kdeldycke/meta-package-manager,stars,2021-08-19,107,github
https://github.com/kdeldycke/meta-package-manager,stars,2021-08-29,108,github
https://github.com/kdeldycke/meta-package-manager,stars,2021-09-24,109,github
https://github.com/kdeldycke/meta-package-manager,stars,2021-09-28,110,github
https://github.com/kdeldycke/meta-package-manager,stars,2021-09-30,111,github
https://github.com/kdeldycke/meta-package-manager,stars,2021-10-05,112,github
https://github.com/kdeldycke/meta-package-manager,stars,2021-10-15,113,github
https://github.com/kdeldycke/meta-package-manager,stars,2021-11-02,114,github
https://github.com/kdeldycke/meta-package-manager,stars,2021-11-07,115,github
https://github.com/kdeldycke/meta-package-manager,stars,2021-11-11,116,github
https://github.com/kdeldycke/meta-package-manager,stars,2021-11-23,117,github
https://github.com/kdeldycke/meta-package-manager,stars,2021-11-29,118,github
https://github.com/kdeldycke/meta-package-manager,stars,2021-12-08,119,github
https://github.com/kdeldycke/meta-package-manager,stars,2021-12-10,120,github
https://github.com/kdeldycke/meta-package-manager,stars,2021-12-11,121,github
https://github.com/kdeldycke/meta-package-manager,stars,2021-12-13,122,github
https://github.com/kdeldycke/meta-package-manager,stars,2021-12-14,123,github
https://github.com/kdeldycke/meta-package-manager,stars,2022-01-04,124,github
https://github.com/kdeldycke/meta-package-manager,stars,2022-01-14,125,github
https://github.com/kdeldycke/meta-package-manager,stars,2022-01-15,126,github
https://github.com/kdeldycke/meta-package-manager,stars,2022-01-17,127,github
https://github.com/kdeldycke/meta-package-manager,stars,2022-01-23,128,github
https://github.com/kdeldycke/meta-package-manager,stars,2022-02-06,129,github
https://github.com/kdeldycke/meta-package-manager,stars,2022-02-10,136,github
https://github.com/kdeldycke/meta-package-manager,stars,2022-02-11,143,github
https://github.com/kdeldycke/meta-package-manager,stars,2022-02-12,144,github
https://github.com/kdeldycke/meta-package-manager,stars,2022-02-13,145,github
https://github.com/kdeldycke/meta-package-manager,stars,2022-02-15,146,github
https://github.com/kdeldycke/meta-package-manager,stars,2022-02-16,147,github
https://github.com/kdeldycke/meta-package-manager,stars,2022-02-17,148,github
https://github.com/kdeldycke/meta-package-manager,stars,2022-02-19,149,github
https://github.com/kdeldycke/meta-package-manager,stars,2022-02-26,150,github
https://github.com/kdeldycke/meta-package-manager,stars,2022-02-27,151,github
https://github.com/kdeldycke/meta-package-manager,stars,2022-02-28,152,github
https://github.com/kdeldycke/meta-package-manager,stars,2022-03-10,153,github
https://github.com/kdeldycke/meta-package-manager,stars,2022-03-11,160,github
https://github.com/kdeldycke/meta-package-manager,stars,2022-03-12,171,github
https://github.com/kdeldycke/meta-package-manager,stars,2022-03-13,172,github
https://github.com/kdeldycke/meta-package-manager,stars,2022-03-14,176,github
https://github.com/kdeldycke/meta-package-manager,stars,2022-03-15,185,github
https://github.com/kdeldycke/meta-package-manager,stars,2022-03-16,192,github
https://github.com/kdeldycke/meta-package-manager,stars,2022-03-17,194,github
https://github.com/kdeldycke/meta-package-manager,stars,2022-03-18,195,github
https://github.com/kdeldycke/meta-package-manager,stars,2022-03-21,196,github
https://github.com/kdeldycke/meta-package-manager,stars,2022-03-22,197,github
https://github.com/kdeldycke/meta-package-manager,stars,2022-03-26,198,github
https://github.com/kdeldycke/meta-package-manager,stars,2022-04-06,199,github
https://github.com/kdeldycke/meta-package-manager,stars,2022-04-11,200,github
https://github.com/kdeldycke/meta-package-manager,stars,2022-04-13,201,github
https://github.com/kdeldycke/meta-package-manager,stars,2022-04-26,202,github
https://github.com/kdeldycke/meta-package-manager,stars,2022-04-29,205,github
https://github.com/kdeldycke/meta-package-manager,stars,2022-04-30,206,github
https://github.com/kdeldycke/meta-package-manager,stars,2022-05-01,208,github
https://github.com/kdeldycke/meta-package-manager,stars,2022-05-02,209,github
https://github.com/kdeldycke/meta-package-manager,stars,2022-05-03,210,github
https://github.com/kdeldycke/meta-package-manager,stars,2022-05-06,211,github
https://github.com/kdeldycke/meta-package-manager,stars,2022-05-12,212,github
https://github.com/kdeldycke/meta-package-manager,stars,2022-05-14,213,github
https://github.com/kdeldycke/meta-package-manager,stars,2022-05-20,215,github
https://github.com/kdeldycke/meta-package-manager,stars,2022-05-22,216,github
https://github.com/kdeldycke/meta-package-manager,stars,2022-05-23,218,github
https://github.com/kdeldycke/meta-package-manager,stars,2022-05-26,219,github
https://github.com/kdeldycke/meta-package-manager,stars,2022-05-27,221,github
https://github.com/kdeldycke/meta-package-manager,stars,2022-05-28,222,github
https://github.com/kdeldycke/meta-package-manager,stars,2022-05-30,223,github
https://github.com/kdeldycke/meta-package-manager,stars,2022-06-02,224,github
https://github.com/kdeldycke/meta-package-manager,stars,2022-06-07,225,github
https://github.com/kdeldycke/meta-package-manager,stars,2022-06-08,226,github
https://github.com/kdeldycke/meta-package-manager,stars,2022-06-14,227,github
https://github.com/kdeldycke/meta-package-manager,stars,2022-06-15,229,github
https://github.com/kdeldycke/meta-package-manager,stars,2022-06-20,232,github
https://github.com/kdeldycke/meta-package-manager,stars,2022-06-21,234,github
https://github.com/kdeldycke/meta-package-manager,stars,2022-06-23,235,github
https://github.com/kdeldycke/meta-package-manager,stars,2022-06-26,236,github
https://github.com/kdeldycke/meta-package-manager,stars,2022-06-28,237,github
https://github.com/kdeldycke/meta-package-manager,stars,2022-07-09,239,github
https://github.com/kdeldycke/meta-package-manager,stars,2022-07-12,240,github
https://github.com/kdeldycke/meta-package-manager,stars,2022-07-13,241,github
https://github.com/kdeldycke/meta-package-manager,stars,2022-07-14,243,github
https://github.com/kdeldycke/meta-package-manager,stars,2022-07-18,244,github
https://github.com/kdeldycke/meta-package-manager,stars,2022-07-20,245,github
https://github.com/kdeldycke/meta-package-manager,stars,2022-07-21,246,github
https://github.com/kdeldycke/meta-package-manager,stars,2022-07-29,247,github
https://github.com/kdeldycke/meta-package-manager,stars,2022-08-13,248,github
https://github.com/kdeldycke/meta-package-manager,stars,2022-08-16,249,github
https://github.com/kdeldycke/meta-package-manager,stars,2022-08-18,250,github
https://github.com/kdeldycke/meta-package-manager,stars,2022-08-21,252,github
https://github.com/kdeldycke/meta-package-manager,stars,2022-08-22,253,github
https://github.com/kdeldycke/meta-package-manager,stars,2022-08-24,254,github
https://github.com/kdeldycke/meta-package-manager,stars,2022-08-28,255,github
https://github.com/kdeldycke/meta-package-manager,stars,2022-08-30,257,github
https://github.com/kdeldycke/meta-package-manager,stars,2022-09-12,259,github
https://github.com/kdeldycke/meta-package-manager,stars,2022-09-15,260,github
https://github.com/kdeldycke/meta-package-manager,stars,2022-09-16,261,github
https://github.com/kdeldycke/meta-package-manager,stars,2022-09-30,262,github
https://github.com/kdeldycke/meta-package-manager,stars,2022-10-01,263,github
https://github.com/kdeldycke/meta-package-manager,stars,2022-10-02,264,github
https://github.com/kdeldycke/meta-package-manager,stars,2022-10-03,265,github
https://github.com/kdeldycke/meta-package-manager,stars,2022-10-06,266,github
https://github.com/kdeldycke/meta-package-manager,stars,2022-10-13,268,github
https://github.com/kdeldycke/meta-package-manager,stars,2022-10-17,269,github
https://github.com/kdeldycke/meta-package-manager,stars,2022-10-20,270,github
https://github.com/kdeldycke/meta-package-manager,stars,2022-10-21,271,github
https://github.com/kdeldycke/meta-package-manager,stars,2022-11-01,272,github
https://github.com/kdeldycke/meta-package-manager,stars,2022-11-06,273,github
https://github.com/kdeldycke/meta-package-manager,stars,2022-11-15,274,github
https://github.com/kdeldycke/meta-package-manager,stars,2022-11-18,276,github
https://github.com/kdeldycke/meta-package-manager,stars,2022-11-23,277,github
https://github.com/kdeldycke/meta-package-manager,stars,2022-11-25,278,github
https://github.com/kdeldycke/meta-package-manager,stars,2022-12-03,279,github
https://github.com/kdeldycke/meta-package-manager,stars,2022-12-05,280,github
https://github.com/kdeldycke/meta-package-manager,stars,2022-12-13,281,github
https://github.com/kdeldycke/meta-package-manager,stars,2022-12-14,282,github
https://github.com/kdeldycke/meta-package-manager,stars,2022-12-15,283,github
https://github.com/kdeldycke/meta-package-manager,stars,2022-12-20,284,github
https://github.com/kdeldycke/meta-package-manager,stars,2022-12-23,285,github
https://github.com/kdeldycke/meta-package-manager,stars,2022-12-27,286,github
https://github.com/kdeldycke/meta-package-manager,stars,2022-12-29,287,github
https://github.com/kdeldycke/meta-package-manager,stars,2023-01-01,288,github
https://github.com/kdeldycke/meta-package-manager,stars,2023-01-06,289,github
https://github.com/kdeldycke/meta-package-manager,stars,2023-01-07,290,github
https://github.com/kdeldycke/meta-package-manager,stars,2023-01-16,291,github
https://github.com/kdeldycke/meta-package-manager,stars,2023-01-20,292,github
https://github.com/kdeldycke/meta-package-manager,stars,2023-01-23,293,github
https://github.com/kdeldycke/meta-package-manager,stars,2023-01-24,294,github
https://github.com/kdeldycke/meta-package-manager,stars,2023-01-27,295,github
https://github.com/kdeldycke/meta-package-manager,stars,2023-01-28,296,github
https://github.com/kdeldycke/meta-package-manager,stars,2023-01-29,298,github
https://github.com/kdeldycke/meta-package-manager,stars,2023-02-01,299,github
https://github.com/kdeldycke/meta-package-manager,stars,2023-02-02,300,github
https://github.com/kdeldycke/meta-package-manager,stars,2023-02-04,302,github
https://github.com/kdeldycke/meta-package-manager,stars,2023-02-07,303,github
https://github.com/kdeldycke/meta-package-manager,stars,2023-02-10,306,github
https://github.com/kdeldycke/meta-package-manager,stars,2023-02-12,307,github
https://github.com/kdeldycke/meta-package-manager,stars,2023-02-14,308,github
https://github.com/kdeldycke/meta-package-manager,stars,2023-02-16,309,github
https://github.com/kdeldycke/meta-package-manager,stars,2023-02-21,313,github
https://github.com/kdeldycke/meta-package-manager,stars,2023-02-26,314,github
https://github.com/kdeldycke/meta-package-manager,stars,2023-03-03,315,github
https://github.com/kdeldycke/meta-package-manager,stars,2023-03-08,317,github
https://github.com/kdeldycke/meta-package-manager,stars,2023-03-15,318,github
https://github.com/kdeldycke/meta-package-manager,stars,2023-03-17,319,github
https://github.com/kdeldycke/meta-package-manager,stars,2023-03-18,321,github
https://github.com/kdeldycke/meta-package-manager,stars,2023-03-20,322,github
https://github.com/kdeldycke/meta-package-manager,stars,2023-03-28,323,github
https://github.com/kdeldycke/meta-package-manager,stars,2023-04-04,325,github
https://github.com/kdeldycke/meta-package-manager,stars,2023-04-05,326,github
https://github.com/kdeldycke/meta-package-manager,stars,2023-04-07,327,github
https://github.com/kdeldycke/meta-package-manager,stars,2023-04-09,329,github
https://github.com/kdeldycke/meta-package-manager,stars,2023-04-10,332,github
https://github.com/kdeldycke/meta-package-manager,stars,2023-04-11,335,github
https://github.com/kdeldycke/meta-package-manager,stars,2023-04-12,339,github
https://github.com/kdeldycke/meta-package-manager,stars,2023-04-13,340,github
https://github.com/kdeldycke/meta-package-manager,stars,2023-04-15,342,github
https://github.com/kdeldycke/meta-package-manager,stars,2023-04-17,344,github
https://github.com/kdeldycke/meta-package-manager,stars,2023-04-19,345,github
https://github.com/kdeldycke/meta-package-manager,stars,2023-04-25,346,github
https://github.com/kdeldycke/meta-package-manager,stars,2023-04-27,347,github
https://github.com/kdeldycke/meta-package-manager,stars,2023-04-30,348,github
https://github.com/kdeldycke/meta-package-manager,stars,2023-05-02,351,github
https://github.com/kdeldycke/meta-package-manager,stars,2023-05-07,352,github
https://github.com/kdeldycke/meta-package-manager,stars,2023-05-10,353,github
https://github.com/kdeldycke/meta-package-manager,stars,2023-05-11,354,github
https://github.com/kdeldycke/meta-package-manager,stars,2023-05-25,355,github
https://github.com/kdeldycke/meta-package-manager,stars,2023-06-01,356,github
https://github.com/kdeldycke/meta-package-manager,stars,2023-06-06,357,github
https://github.com/kdeldycke/meta-package-manager,stars,2023-06-13,359,github
https://github.com/kdeldycke/meta-package-manager,stars,2023-06-16,360,github
https://github.com/kdeldycke/meta-package-manager,stars,2023-06-18,361,github
https://github.com/kdeldycke/meta-package-manager,stars,2023-06-19,363,github
https://github.com/kdeldycke/meta-package-manager,stars,2023-06-21,364,github
https://github.com/kdeldycke/meta-package-manager,stars,2023-06-23,365,github
https://github.com/kdeldycke/meta-package-manager,stars,2023-06-24,366,github
https://github.com/kdeldycke/meta-package-manager,stars,2023-07-13,367,github
https://github.com/kdeldycke/meta-package-manager,stars,2023-07-15,368,github
https://github.com/kdeldycke/meta-package-manager,stars,2023-07-18,369,github
https://github.com/kdeldycke/meta-package-manager,stars,2023-08-03,370,github
https://github.com/kdeldycke/meta-package-manager,stars,2023-08-12,371,github
https://github.com/kdeldycke/meta-package-manager,stars,2023-08-24,372,github
https://github.com/kdeldycke/meta-package-manager,stars,2023-08-28,373,github
https://github.com/kdeldycke/meta-package-manager,stars,2023-09-04,375,github
https://github.com/kdeldycke/meta-package-manager,stars,2023-09-09,376,github
https://github.com/kdeldycke/meta-package-manager,stars,2023-09-27,377,github
https://github.com/kdeldycke/meta-package-manager,stars,2023-09-30,378,github
https://github.com/kdeldycke/meta-package-manager,stars,2023-10-02,379,github
https://github.com/kdeldycke/meta-package-manager,stars,2023-10-06,380,github
https://github.com/kdeldycke/meta-package-manager,stars,2023-10-15,381,github
https://github.com/kdeldycke/meta-package-manager,stars,2023-10-17,382,github
https://github.com/kdeldycke/meta-package-manager,stars,2023-10-18,384,github
https://github.com/kdeldycke/meta-package-manager,stars,2023-10-19,385,github
https://github.com/kdeldycke/meta-package-manager,stars,2023-10-24,386,github
https://github.com/kdeldycke/meta-package-manager,stars,2023-10-28,387,github
https://github.com/kdeldycke/meta-package-manager,stars,2023-10-29,388,github
https://github.com/kdeldycke/meta-package-manager,stars,2023-11-01,389,github
https://github.com/kdeldycke/meta-package-manager,stars,2023-11-03,390,github
https://github.com/kdeldycke/meta-package-manager,stars,2023-11-08,391,github
https://github.com/kdeldycke/meta-package-manager,stars,2023-11-13,392,github
https://github.com/kdeldycke/meta-package-manager,stars,2023-11-15,393,github
https://github.com/kdeldycke/meta-package-manager,stars,2023-11-22,394,github
https://github.com/kdeldycke/meta-package-manager,stars,2023-12-04,395,github
https://github.com/kdeldycke/meta-package-manager,stars,2023-12-10,396,github
https://github.com/kdeldycke/meta-package-manager,stars,2023-12-30,397,github
https://github.com/kdeldycke/meta-package-manager,stars,2023-12-31,398,github
https://github.com/kdeldycke/meta-package-manager,stars,2024-01-02,399,github
https://github.com/kdeldycke/meta-package-manager,stars,2024-01-16,401,github
https://github.com/kdeldycke/meta-package-manager,stars,2024-01-17,402,github
https://github.com/kdeldycke/meta-package-manager,stars,2024-01-18,403,github
https://github.com/kdeldycke/meta-package-manager,stars,2024-01-29,404,github
https://github.com/kdeldycke/meta-package-manager,stars,2024-02-01,405,github
https://github.com/kdeldycke/meta-package-manager,stars,2024-02-04,406,github
https://github.com/kdeldycke/meta-package-manager,stars,2024-02-28,407,github
https://github.com/kdeldycke/meta-package-manager,stars,2024-03-01,408,github
https://github.com/kdeldycke/meta-package-manager,stars,2024-03-05,409,github
https://github.com/kdeldycke/meta-package-manager,stars,2024-03-11,410,github
https://github.com/kdeldycke/meta-package-manager,stars,2024-03-13,411,github
https://github.com/kdeldycke/meta-package-manager,stars,2024-03-18,412,github
https://github.com/kdeldycke/meta-package-manager,stars,2024-03-21,413,github
https://github.com/kdeldycke/meta-package-manager,stars,2024-03-31,414,github
https://github.com/kdeldycke/meta-package-manager,stars,2024-04-03,415,github
https://github.com/kdeldycke/meta-package-manager,stars,2024-04-18,416,github
https://github.com/kdeldycke/meta-package-manager,stars,2024-04-20,417,github
https://github.com/kdeldycke/meta-package-manager,stars,2024-04-21,419,github
https://github.com/kdeldycke/meta-package-manager,stars,2024-04-22,420,github
https://github.com/kdeldycke/meta-package-manager,stars,2024-04-26,421,github
https://github.com/kdeldycke/meta-package-manager,stars,2024-05-09,422,github
https://github.com/kdeldycke/meta-package-manager,stars,2024-05-15,424,github
https://github.com/kdeldycke/meta-package-manager,stars,2024-05-17,425,github
https://github.com/kdeldycke/meta-package-manager,stars,2024-05-20,426,github
https://github.com/kdeldycke/meta-package-manager,stars,2024-06-20,427,github
https://github.com/kdeldycke/meta-package-manager,stars,2024-06-21,428,github
https://github.com/kdeldycke/meta-package-manager,stars,2024-06-26,429,github
https://github.com/kdeldycke/meta-package-manager,stars,2024-06-28,430,github
https://github.com/kdeldycke/meta-package-manager,stars,2024-07-01,431,github
https://github.com/kdeldycke/meta-package-manager,stars,2024-07-04,432,github
https://github.com/kdeldycke/meta-package-manager,stars,2024-07-05,433,github
https://github.com/kdeldycke/meta-package-manager,stars,2024-07-09,434,github
https://github.com/kdeldycke/meta-package-manager,stars,2024-07-26,435,github
https://github.com/kdeldycke/meta-package-manager,stars,2024-08-03,436,github
https://github.com/kdeldycke/meta-package-manager,stars,2024-08-04,437,github
https://github.com/kdeldycke/meta-package-manager,stars,2024-08-05,438,github
https://github.com/kdeldycke/meta-package-manager,stars,2024-08-15,439,github
https://github.com/kdeldycke/meta-package-manager,stars,2024-08-28,440,github
https://github.com/kdeldycke/meta-package-manager,stars,2024-09-18,441,github
https://github.com/kdeldycke/meta-package-manager,stars,2024-09-23,442,github
https://github.com/kdeldycke/meta-package-manager,stars,2024-09-24,443,github
https://github.com/kdeldycke/meta-package-manager,stars,2024-09-28,444,github
https://github.com/kdeldycke/meta-package-manager,stars,2024-10-02,445,github
https://github.com/kdeldycke/meta-package-manager,stars,2024-10-03,446,github
https://github.com/kdeldycke/meta-package-manager,stars,2024-10-09,447,github
https://github.com/kdeldycke/meta-package-manager,stars,2024-10-22,449,github
https://github.com/kdeldycke/meta-package-manager,stars,2024-10-27,452,github
https://github.com/kdeldycke/meta-package-manager,stars,2024-10-29,453,github
https://github.com/kdeldycke/meta-package-manager,stars,2024-10-30,454,github
https://github.com/kdeldycke/meta-package-manager,stars,2024-11-12,455,github
https://github.com/kdeldycke/meta-package-manager,stars,2024-11-13,457,github
https://github.com/kdeldycke/meta-package-manager,stars,2024-11-16,458,github
https://github.com/kdeldycke/meta-package-manager,stars,2024-11-23,459,github
https://github.com/kdeldycke/meta-package-manager,stars,2024-11-25,460,github
https://github.com/kdeldycke/meta-package-manager,stars,2024-11-30,461,github
https://github.com/kdeldycke/meta-package-manager,stars,2024-12-03,462,github
https://github.com/kdeldycke/meta-package-manager,stars,2024-12-17,463,github
https://github.com/kdeldycke/meta-package-manager,stars,2024-12-28,467,github
https://github.com/kdeldycke/meta-package-manager,stars,2024-12-29,469,github
https://github.com/kdeldycke/meta-package-manager,stars,2024-12-30,471,github
https://github.com/kdeldycke/meta-package-manager,stars,2025-01-01,472,github
https://github.com/kdeldycke/meta-package-manager,stars,2025-01-06,473,github
https://github.com/kdeldycke/meta-package-manager,stars,2025-01-11,474,github
https://github.com/kdeldycke/meta-package-manager,stars,2025-01-17,475,github
https://github.com/kdeldycke/meta-package-manager,stars,2025-02-02,476,github
https://github.com/kdeldycke/meta-package-manager,stars,2025-02-04,477,github
https://github.com/kdeldycke/meta-package-manager,stars,2025-02-08,478,github
https://github.com/kdeldycke/meta-package-manager,stars,2025-02-17,479,github
https://github.com/kdeldycke/meta-package-manager,stars,2025-02-23,480,github
https://github.com/kdeldycke/meta-package-manager,stars,2025-03-07,481,github
https://github.com/kdeldycke/meta-package-manager,stars,2025-03-09,482,github
https://github.com/kdeldycke/meta-package-manager,stars,2025-03-14,483,github
https://github.com/kdeldycke/meta-package-manager,stars,2025-03-21,484,github
https://github.com/kdeldycke/meta-package-manager,stars,2025-03-23,485,github
https://github.com/kdeldycke/meta-package-manager,stars,2025-03-27,486,github
https://github.com/kdeldycke/meta-package-manager,stars,2025-04-02,487,github
https://github.com/kdeldycke/meta-package-manager,stars,2025-04-08,488,github
https://github.com/kdeldycke/meta-package-manager,stars,2025-04-25,489,github
https://github.com/kdeldycke/meta-package-manager,stars,2025-05-02,490,github
https://github.com/kdeldycke/meta-package-manager,stars,2025-05-09,491,github
https://github.com/kdeldycke/meta-package-manager,stars,2025-05-25,493,github
https://github.com/kdeldycke/meta-package-manager,stars,2025-05-27,494,github
https://github.com/kdeldycke/meta-package-manager,stars,2025-05-28,495,github
https://github.com/kdeldycke/meta-package-manager,stars,2025-05-31,496,github
https://github.com/kdeldycke/meta-package-manager,stars,2025-06-03,497,github
https://github.com/kdeldycke/meta-package-manager,stars,2025-06-04,498,github
https://github.com/kdeldycke/meta-package-manager,stars,2025-06-06,499,github
https://github.com/kdeldycke/meta-package-manager,stars,2025-06-11,500,github
https://github.com/kdeldycke/meta-package-manager,stars,2025-06-16,501,github
https://github.com/kdeldycke/meta-package-manager,stars,2025-06-18,502,github
https://github.com/kdeldycke/meta-package-manager,stars,2025-06-19,503,github
https://github.com/kdeldycke/meta-package-manager,stars,2025-06-20,504,github
https://github.com/kdeldycke/meta-package-manager,stars,2025-06-25,505,github
https://github.com/kdeldycke/meta-package-manager,stars,2025-06-27,506,github
https://github.com/kdeldycke/meta-package-manager,stars,2025-07-03,508,github
https://github.com/kdeldycke/meta-package-manager,stars,2025-07-05,509,github
https://github.com/kdeldycke/meta-package-manager,stars,2025-07-06,510,github
https://github.com/kdeldycke/meta-package-manager,stars,2025-07-12,511,github
https://github.com/kdeldycke/meta-package-manager,stars,2025-07-17,512,github
https://github.com/kdeldycke/meta-package-manager,stars,2025-07-23,513,github
https://github.com/kdeldycke/meta-package-manager,stars,2025-07-26,514,github
https://github.com/kdeldycke/meta-package-manager,stars,2025-07-30,515,github
https://github.com/kdeldycke/meta-package-manager,stars,2025-07-31,516,github
https://github.com/kdeldycke/meta-package-manager,stars,2025-08-10,517,github
https://github.com/kdeldycke/meta-package-manager,stars,2025-08-15,518,github
https://github.com/kdeldycke/meta-package-manager,stars,2025-09-01,519,github
https://github.com/kdeldycke/meta-package-manager,stars,2025-09-06,520,github
https://github.com/kdeldycke/meta-package-manager,stars,2025-09-14,521,github
https://github.com/kdeldycke/meta-package-manager,stars,2025-09-22,522,github
https://github.com/kdeldycke/meta-package-manager,stars,2025-09-25,523,github
https://github.com/kdeldycke/meta-package-manager,stars,2025-09-27,525,github
https://github.com/kdeldycke/meta-package-manager,stars,2025-09-30,526,github
https://github.com/kdeldycke/meta-package-manager,stars,2025-10-11,527,github
https://github.com/kdeldycke/meta-package-manager,stars,2025-10-20,528,github
https://github.com/kdeldycke/meta-package-manager,stars,2025-10-22,529,github
https://github.com/kdeldycke/meta-package-manager,stars,2025-10-26,530,github
https://github.com/kdeldycke/meta-package-manager,stars,2025-11-07,531,github
https://github.com/kdeldycke/meta-package-manager,stars,2025-11-10,532,github
https://github.com/kdeldycke/meta-package-manager,stars,2025-11-11,533,github
https://github.com/kdeldycke/meta-package-manager,stars,2025-11-12,534,github
https://github.com/kdeldycke/meta-package-manager,stars,2025-11-13,535,github
https://github.com/kdeldycke/meta-package-manager,stars,2025-11-22,536,github
https://github.com/kdeldycke/meta-package-manager,stars,2025-11-23,537,github
https://github.com/kdeldycke/meta-package-manager,stars,2025-11-26,539,github
https://github.com/kdeldycke/meta-package-manager,stars,2025-12-08,540,github
https://github.com/kdeldycke/meta-package-manager,stars,2025-12-11,541,github
https://github.com/kdeldycke/meta-package-manager,stars,2025-12-13,542,github
https://github.com/kdeldycke/meta-package-manager,stars,2025-12-19,543,github
https://github.com/kdeldycke/meta-package-manager,stars,2025-12-21,544,github
https://github.com/kdeldycke/meta-package-manager,stars,2025-12-25,545,github
https://github.com/kdeldycke/meta-package-manager,stars,2025-12-27,548,github
https://github.com/kdeldycke/meta-package-manager,stars,2026-01-22,549,github
https://github.com/kdeldycke/meta-package-manager,stars,2026-01-27,550,github
https://github.com/kdeldycke/meta-package-manager,stars,2026-02-06,551,github
https://github.com/kdeldycke/meta-package-manager,stars,2026-02-14,552,github
https://github.com/kdeldycke/meta-package-manager,stars,2026-02-23,553,github
https://github.com/kdeldycke/meta-package-manager,stars,2026-02-28,554,github
https://github.com/kdeldycke/meta-package-manager,stars,2026-03-04,555,github
https://github.com/kdeldycke/meta-package-manager,stars,2026-03-05,556,github
https://github.com/kdeldycke/meta-package-manager,stars,2026-03-13,557,github
https://github.com/kdeldycke/meta-package-manager,stars,2026-03-19,558,github
https://github.com/kdeldycke/meta-package-manager,stars,2026-03-20,560,github
https://github.com/kdeldycke/meta-package-manager,stars,2026-03-21,561,github
https://github.com/kdeldycke/meta-package-manager,stars,2026-03-27,563,github
https://github.com/kdeldycke/meta-package-manager,stars,2026-03-28,564,github
https://github.com/kdeldycke/meta-package-manager,stars,2026-03-29,565,github
https://github.com/kdeldycke/meta-package-manager,stars,2026-04-01,566,github
https://github.com/kdeldycke/meta-package-manager,stars,2026-04-03,567,github
https://github.com/kdeldycke/meta-package-manager,stars,2026-04-13,568,github
https://github.com/kdeldycke/meta-package-manager,stars,2026-04-15,569,github
https://github.com/kdeldycke/meta-package-manager,stars,2026-04-17,571,github
https://github.com/kdeldycke/meta-package-manager,stars,2026-04-20,572,github
https://github.com/kdeldycke/meta-package-manager,stars,2026-04-22,574,github
https://github.com/kdeldycke/meta-package-manager,stars,2026-04-23,576,github
https://github.com/kdeldycke/meta-package-manager,stars,2026-04-25,580,github
https://github.com/kdeldycke/meta-package-manager,stars,2026-04-26,581,github
https://github.com/kdeldycke/meta-package-manager,stars,2026-05-02,583,github
https://github.com/kdeldycke/meta-package-manager,stars,2026-05-04,585,github
https://github.com/kdeldycke/meta-package-manager,stars,2026-05-05,586,github
https://github.com/kdeldycke/meta-package-manager,stars,2026-05-11,588,github
https://github.com/kdeldycke/meta-package-manager,stars,2026-05-23,589,github
https://github.com/kdeldycke/meta-package-manager,stars,2026-05-26,590,github
https://github.com/kdeldycke/meta-package-manager,stars,2026-05-27,591,github
https://github.com/kdeldycke/meta-package-manager,stars,2026-06-03,592,github
https://github.com/kdeldycke/meta-package-manager,stars,2026-06-05,593,github
https://github.com/kdeldycke/meta-package-manager,stars,2026-06-06,594,github
https://github.com/kdeldycke/meta-package-manager,stars,2026-06-16,595,github
https://github.com/kdeldycke/meta-package-manager,stars,2026-06-22,596,github
https://github.com/kdeldycke/meta-package-manager,stars,2026-06-23,597,github
https://github.com/kdeldycke/meta-package-manager,stars,2026-07-01,598,github
https://github.com/kdeldycke/meta-package-manager,stars,2026-07-02,600,github
https://github.com/kdeldycke/meta-package-manager,stars,2026-07-09,601,github
https://github.com/kdeldycke/meta-package-manager,stars,2026-07-12,602,github
https://github.com/kdeldycke/meta-package-manager,stars,2026-07-15,603,github
https://github.com/kdeldycke/meta-package-manager,stars,2026-07-16,604,github
https://github.com/kdeldycke/meta-package-manager,stars,2026-07-17,605,github
https://github.com/kdeldycke/meta-package-manager,stars,2026-07-18,607,github
https://github.com/kdeldycke/meta-package-manager,stars,2026-07-19,608,github
https://github.com/kdeldycke/meta-package-manager,stars,2026-07-30,609,github
https://github.com/kdeldycke/meta-package-manager,stars,2026-08-13,609,sample
https://github.com/kdeldycke/meta-package-manager,stars,2026-08-17,609,sample
https://github.com/kdeldycke/meta-package-manager,stars,2026-08-18,609,sample
https://github.com/kubernetes-sigs/krew,commit,2026-08-13,2026-05-21,sample
https://github.com/kubernetes-sigs/krew,release,2026-08-13,2026-02-26,sample
https://github.com/kubernetes-sigs/krew,release_source,2026-08-13,release,sample
https://github.com/kubernetes-sigs/krew,stars,2018-07-12,0,created
https://github.com/kubernetes-sigs/krew,stars,2026-08-13,7032,sample
https://github.com/kubernetes-sigs/krew,stars,2026-08-17,7031,sample
https://github.com/kubernetes-sigs/krew,stars,2026-08-18,7031,sample
https://github.com/leanprover/elan,commit,2026-08-17,2026-07-16,sample
https://github.com/leanprover/elan,release,2026-08-17,2026-06-08,sample
https://github.com/leanprover/elan,release_source,2026-08-17,release,sample
https://github.com/leanprover/elan,stars,2018-04-04,0,created
https://github.com/leanprover/elan,stars,2026-08-17,598,sample
https://github.com/leanprover/elan,stars,2026-08-18,598,sample
https://github.com/luarocks/luarocks,commit,2026-08-17,2026-08-16,sample
https://github.com/luarocks/luarocks,release,2026-08-17,2026-01-28,sample
https://github.com/luarocks/luarocks,release_source,2026-08-17,release,sample
https://github.com/luarocks/luarocks,stars,2010-03-20,0,created
https://github.com/luarocks/luarocks,stars,2026-08-17,3717,sample
https://github.com/luarocks/luarocks,stars,2026-08-18,3717,sample
https://github.com/lucasgelfond/zerobrew,commit,2026-08-13,2026-07-24,sample
https://github.com/lucasgelfond/zerobrew,release,2026-08-13,2026-06-12,sample
https://github.com/lucasgelfond/zerobrew,release_source,2026-08-13,release,sample
https://github.com/lucasgelfond/zerobrew,stars,2026-01-19,0,created
https://github.com/lucasgelfond/zerobrew,stars,2026-08-13,7516,sample
https://github.com/lucasgelfond/zerobrew,stars,2026-08-17,7516,sample
https://github.com/lucasgelfond/zerobrew,stars,2026-08-18,7515,sample
https://github.com/macports/macports-base,commit,2026-08-13,2026-08-12,sample
https://github.com/macports/macports-base,release,2026-08-13,2026-04-23,sample
https://github.com/macports/macports-base,release_source,2026-08-13,release,sample
https://github.com/macports/macports-base,stars,2016-10-09,0,created
https://github.com/macports/macports-base,stars,2026-08-13,1021,sample
https://github.com/macports/macports-base,stars,2026-08-17,1022,sample
https://github.com/macports/macports-base,stars,2026-08-18,1022,sample
https://github.com/mamba-org/mamba,commit,2026-08-17,2026-08-14,sample
https://github.com/mamba-org/mamba,release,2026-08-17,2026-08-07,sample
https://github.com/mamba-org/mamba,release_source,2026-08-17,release,sample
https://github.com/mamba-org/mamba,stars,2019-03-05,0,created
https://github.com/mamba-org/mamba,stars,2026-08-17,8078,sample
https://github.com/mamba-org/mamba,stars,2026-08-18,8079,sample
https://github.com/manjaro/pamac-cli,commit,2026-08-13,2025-12-01,sample
https://github.com/manjaro/pamac-cli,release,2026-08-13,2025-12-01,sample
https://github.com/manjaro/pamac-cli,release_source,2026-08-13,release,sample
https://github.com/manjaro/pamac-cli,stars,2024-09-18,0,created
https://github.com/manjaro/pamac-cli,stars,2026-08-13,10,sample
https://github.com/manjaro/pamac-cli,stars,2026-08-18,10,sample
https://github.com/marcosnils/bin,commit,2026-08-13,2026-08-02,sample
https://github.com/marcosnils/bin,release,2026-08-13,2026-08-02,sample
https://github.com/marcosnils/bin,release_source,2026-08-13,release,sample
https://github.com/marcosnils/bin,stars,2020-05-24,0,created
https://github.com/marcosnils/bin,stars,2026-08-13,1262,sample
https://github.com/marcosnils/bin,stars,2026-08-17,1263,sample
https://github.com/marcosnils/bin,stars,2026-08-18,1263,sample
https://github.com/marwanhawari/stew,commit,2026-08-13,2025-05-06,sample
https://github.com/marwanhawari/stew,release,2026-08-13,2025-04-25,sample
https://github.com/marwanhawari/stew,release_source,2026-08-13,release,sample
https://github.com/marwanhawari/stew,stars,2022-01-30,0,created
https://github.com/marwanhawari/stew,stars,2026-08-13,353,sample
https://github.com/marwanhawari/stew,stars,2026-08-17,353,sample
https://github.com/marwanhawari/stew,stars,2026-08-18,353,sample
https://github.com/mas-cli/mas,commit,2026-08-13,2026-08-08,sample
https://github.com/mas-cli/mas,release,2026-08-13,2026-05-04,sample
https://github.com/mas-cli/mas,release_source,2026-08-13,release,sample
https://github.com/mas-cli/mas,stars,2015-08-02,0,created
https://github.com/mas-cli/mas,stars,2026-08-13,12295,sample
https://github.com/mas-cli/mas,stars,2026-08-17,12303,sample
https://github.com/mas-cli/mas,stars,2026-08-18,12303,sample
https://github.com/mason-org/mason.nvim,commit,2026-08-18,2026-06-11,sample
https://github.com/mason-org/mason.nvim,release,2026-08-18,2026-06-11,sample
https://github.com/mason-org/mason.nvim,release_source,2026-08-18,release,sample
https://github.com/mason-org/mason.nvim,stars,2022-07-06,0,created
https://github.com/mason-org/mason.nvim,stars,2026-08-18,10439,sample
https://github.com/mattmc3/antidote,commit,2026-08-13,2026-08-12,sample
https://github.com/mattmc3/antidote,release,2026-08-13,2026-08-07,sample
https://github.com/mattmc3/antidote,release_source,2026-08-13,release,sample
https://github.com/mattmc3/antidote,stars,2020-12-27,0,created
https://github.com/mattmc3/antidote,stars,2026-08-13,1752,sample
https://github.com/mattmc3/antidote,stars,2026-08-17,1756,sample
https://github.com/mattmc3/antidote,stars,2026-08-18,1756,sample
https://github.com/micro-editor/micro,commit,2026-08-17,2026-08-09,sample
https://github.com/micro-editor/micro,release,2026-08-17,2026-08-09,sample
https://github.com/micro-editor/micro,release_source,2026-08-17,tag,sample
https://github.com/micro-editor/micro,stars,2016-03-11,0,created
https://github.com/micro-editor/micro,stars,2026-08-17,29359,sample
https://github.com/micro-editor/micro,stars,2026-08-18,29365,sample
https://github.com/microsoft/vcpkg,commit,2026-08-18,2026-08-18,sample
https://github.com/microsoft/vcpkg,release,2026-08-17,2026-07-31,sample
https://github.com/microsoft/vcpkg,release_source,2026-08-17,release,sample
https://github.com/microsoft/vcpkg,stars,2016-09-15,0,created
https://github.com/microsoft/vcpkg,stars,2026-08-17,27370,sample
https://github.com/microsoft/vcpkg,stars,2026-08-18,27370,sample
https://github.com/microsoft/vscode,commit,2026-08-18,2026-08-18,sample
https://github.com/microsoft/vscode,release,2026-08-13,2026-08-12,sample
https://github.com/microsoft/vscode,release_source,2026-08-13,release,sample
https://github.com/microsoft/vscode,stars,2015-09-03,0,created
https://github.com/microsoft/vscode,stars,2026-08-13,188660,sample
https://github.com/microsoft/vscode,stars,2026-08-17,188810,sample
https://github.com/microsoft/vscode,stars,2026-08-18,188871,sample
https://github.com/microsoft/winget-cli,commit,2026-08-17,2026-08-14,sample
https://github.com/microsoft/winget-cli,release,2026-08-17,2026-07-30,sample
https://github.com/microsoft/winget-cli,release_source,2026-08-13,tag,sample
https://github.com/microsoft/winget-cli,stars,2019-07-16,0,created
https://github.com/microsoft/winget-cli,stars,2026-08-13,26308,sample
https://github.com/microsoft/winget-cli,stars,2026-08-17,26311,sample
https://github.com/microsoft/winget-cli,stars,2026-08-18,26314,sample
https://github.com/neovim/neovim,commit,2026-08-18,2026-08-18,sample
https://github.com/neovim/neovim,release,2026-08-18,2026-08-18,sample
https://github.com/neovim/neovim,release_source,2026-08-13,tag,sample
https://github.com/neovim/neovim,stars,2014-01-31,0,created
https://github.com/neovim/neovim,stars,2026-08-13,101781,sample
https://github.com/neovim/neovim,stars,2026-08-17,101807,sample
https://github.com/neovim/neovim,stars,2026-08-18,101826,sample
https://github.com/nim-lang/nimble,commit,2026-08-17,2026-08-17,sample
https://github.com/nim-lang/nimble,release,2026-08-17,2026-07-15,sample
https://github.com/nim-lang/nimble,release_source,2026-08-17,release,sample
https://github.com/nim-lang/nimble,stars,2011-01-27,0,created
https://github.com/nim-lang/nimble,stars,2026-08-17,1398,sample
https://github.com/nim-lang/nimble,stars,2026-08-18,1398,sample
https://github.com/npm/cli,commit,2026-08-13,2026-08-12,sample
https://github.com/npm/cli,release,2026-08-13,2026-07-29,sample
https://github.com/npm/cli,release_source,2026-08-13,release,sample
https://github.com/npm/cli,stars,2018-07-05,0,created
https://github.com/npm/cli,stars,2026-08-13,10030,sample
https://github.com/npm/cli,stars,2026-08-17,10041,sample
https://github.com/npm/cli,stars,2026-08-18,10042,sample
https://github.com/ocaml/opam,commit,2026-08-13,2026-08-12,sample
https://github.com/ocaml/opam,release,2026-08-13,2026-07-17,sample
https://github.com/ocaml/opam,release_source,2026-08-13,tag,sample
https://github.com/ocaml/opam,stars,2012-02-17,0,created
https://github.com/ocaml/opam,stars,2026-08-13,1374,sample
https://github.com/ocaml/opam,stars,2026-08-17,1374,sample
https://github.com/ocaml/opam,stars,2026-08-18,1374,sample
https://github.com/oh-my-fish/oh-my-fish,commit,2026-08-13,2026-05-19,sample
https://github.com/oh-my-fish/oh-my-fish,release,2026-08-13,2026-04-07,sample
https://github.com/oh-my-fish/oh-my-fish,release_source,2026-08-13,release,sample
https://github.com/oh-my-fish/oh-my-fish,stars,2015-09-03,0,created
https://github.com/oh-my-fish/oh-my-fish,stars,2026-08-13,11374,sample
https://github.com/oh-my-fish/oh-my-fish,stars,2026-08-17,11374,sample
https://github.com/oh-my-fish/oh-my-fish,stars,2026-08-18,11374,sample
https://github.com/ollama/ollama,commit,2026-08-17,2026-08-15,sample
https://github.com/ollama/ollama,release,2026-08-17,2026-08-15,sample
https://github.com/ollama/ollama,release_source,2026-08-17,release,sample
https://github.com/ollama/ollama,stars,2023-06-26,0,created
https://github.com/ollama/ollama,stars,2026-08-17,178781,sample
https://github.com/ollama/ollama,stars,2026-08-18,178834,sample
https://github.com/openSUSE/zypper,commit,2026-08-17,2026-08-14,sample
https://github.com/openSUSE/zypper,release,2026-08-17,2026-08-14,sample
https://github.com/openSUSE/zypper,release_source,2026-08-13,tag,sample
https://github.com/openSUSE/zypper,stars,2011-07-29,0,created
https://github.com/openSUSE/zypper,stars,2026-08-13,488,sample
https://github.com/openSUSE/zypper,stars,2026-08-17,490,sample
https://github.com/openSUSE/zypper,stars,2026-08-18,490,sample
https://github.com/openbsd/src,commit,2026-08-18,2026-08-18,sample
https://github.com/openbsd/src,stars,2016-08-30,0,created
https://github.com/openbsd/src,stars,2026-08-13,3856,sample
https://github.com/openbsd/src,stars,2026-08-17,3858,sample
https://github.com/openbsd/src,stars,2026-08-18,3858,sample
https://github.com/oven-sh/bun,commit,2026-08-18,2026-08-18,sample
https://github.com/oven-sh/bun,release,2026-08-17,2026-07-18,sample
https://github.com/oven-sh/bun,release_source,2026-08-17,tag,sample
https://github.com/oven-sh/bun,stars,2021-04-14,0,created
https://github.com/oven-sh/bun,stars,2026-08-17,95438,sample
https://github.com/oven-sh/bun,stars,2026-08-18,95439,sample
https://github.com/pacstall/pacstall,commit,2026-08-13,2026-08-08,sample
https://github.com/pacstall/pacstall,release,2026-08-13,2026-07-29,sample
https://github.com/pacstall/pacstall,release_source,2026-08-13,release,sample
https://github.com/pacstall/pacstall,stars,2021-05-24,0,created
https://github.com/pacstall/pacstall,stars,2026-08-13,1647,sample
https://github.com/pacstall/pacstall,stars,2026-08-18,1647,sample
https://github.com/pkgforge/soar,commit,2026-08-17,2026-08-17,sample
https://github.com/pkgforge/soar,release,2026-08-18,2026-08-17,sample
https://github.com/pkgforge/soar,release_source,2026-08-18,tag,sample
https://github.com/pkgforge/soar,stars,2024-10-03,0,created
https://github.com/pkgforge/soar,stars,2026-08-13,842,sample
https://github.com/pkgforge/soar,stars,2026-08-17,848,sample
https://github.com/pkgforge/soar,stars,2026-08-18,848,sample
https://github.com/pnpm/pnpm,commit,2026-08-17,2026-08-17,sample
https://github.com/pnpm/pnpm,release,2026-08-17,2026-08-15,sample
https://github.com/pnpm/pnpm,release_source,2026-08-17,release,sample
https://github.com/pnpm/pnpm,stars,2016-01-28,0,created
https://github.com/pnpm/pnpm,stars,2026-08-13,36051,sample
https://github.com/pnpm/pnpm,stars,2026-08-17,36119,sample
https://github.com/pnpm/pnpm,stars,2026-08-18,36122,sample
https://github.com/prefix-dev/pixi,commit,2026-08-18,2026-08-18,sample
https://github.com/prefix-dev/pixi,release,2026-08-13,2026-08-10,sample
https://github.com/prefix-dev/pixi,release_source,2026-08-13,release,sample
https://github.com/prefix-dev/pixi,stars,2023-04-28,0,created
https://github.com/prefix-dev/pixi,stars,2026-08-13,7559,sample
https://github.com/prefix-dev/pixi,stars,2026-08-17,7579,sample
https://github.com/prefix-dev/pixi,stars,2026-08-18,7582,sample
https://github.com/pyenv/pyenv,commit,2026-08-17,2026-08-16,sample
https://github.com/pyenv/pyenv,release,2026-08-13,2026-08-13,sample
https://github.com/pyenv/pyenv,release_source,2026-08-13,release,sample
https://github.com/pyenv/pyenv,stars,2012-08-31,0,created
https://github.com/pyenv/pyenv,stars,2026-08-13,45013,sample
https://github.com/pyenv/pyenv,stars,2026-08-17,45022,sample
https://github.com/pyenv/pyenv,stars,2026-08-18,45028,sample
https://github.com/pypa/pip,commit,2026-08-17,2026-08-17,sample
https://github.com/pypa/pip,release,2026-08-13,2026-08-04,sample
https://github.com/pypa/pip,release_source,2026-08-13,tag,sample
https://github.com/pypa/pip,stars,2011-03-06,0,created
https://github.com/pypa/pip,stars,2026-08-13,10261,sample
https://github.com/pypa/pip,stars,2026-08-17,10263,sample
https://github.com/pypa/pip,stars,2026-08-18,10263,sample
https://github.com/pypa/pipx,commit,2026-08-18,2026-08-17,sample
https://github.com/pypa/pipx,release,2026-08-18,2026-08-13,sample
https://github.com/pypa/pipx,release_source,2026-08-13,release,sample
https://github.com/pypa/pipx,stars,2018-10-06,0,created
https://github.com/pypa/pipx,stars,2026-08-13,12925,sample
https://github.com/pypa/pipx,stars,2026-08-18,12929,sample
https://github.com/r-darwish/topgrade,commit,2026-08-17,2022-10-12,sample
https://github.com/r-darwish/topgrade,release,2026-08-17,2022-05-28,sample
https://github.com/r-darwish/topgrade,release_source,2026-08-17,release,sample
https://github.com/r-darwish/topgrade,stars,2018-05-29,0,created
https://github.com/r-darwish/topgrade,stars,2018-06-08,52,wayback
https://github.com/r-darwish/topgrade,stars,2019-02-12,282,wayback
https://github.com/r-darwish/topgrade,stars,2019-04-25,323,wayback
https://github.com/r-darwish/topgrade,stars,2019-09-20,654,wayback
https://github.com/r-darwish/topgrade,stars,2020-01-16,817,wayback
https://github.com/r-darwish/topgrade,stars,2020-09-09,1316,wayback
https://github.com/r-darwish/topgrade,stars,2020-11-09,1387,wayback
https://github.com/r-darwish/topgrade,stars,2021-01-23,1526,wayback
https://github.com/r-darwish/topgrade,stars,2021-04-13,1681,wayback
https://github.com/r-darwish/topgrade,stars,2021-05-25,1771,wayback
https://github.com/r-darwish/topgrade,stars,2021-07-16,1835,wayback
https://github.com/r-darwish/topgrade,stars,2021-10-14,1964,wayback
https://github.com/r-darwish/topgrade,stars,2021-12-09,2060,wayback
https://github.com/r-darwish/topgrade,stars,2022-06-07,2578,wayback
https://github.com/r-darwish/topgrade,stars,2022-09-21,3317,wayback
https://github.com/r-darwish/topgrade,stars,2022-10-09,3441,wayback
https://github.com/r-darwish/topgrade,stars,2022-11-05,3460,wayback
https://github.com/r-darwish/topgrade,stars,2022-12-02,3445,wayback
https://github.com/r-darwish/topgrade,stars,2023-02-26,3417,wayback
https://github.com/r-darwish/topgrade,stars,2023-03-28,3412,wayback
https://github.com/r-darwish/topgrade,stars,2023-06-27,3399,wayback
https://github.com/r-darwish/topgrade,stars,2023-07-04,3399,wayback
https://github.com/r-darwish/topgrade,stars,2023-10-03,3388,wayback
https://github.com/r-darwish/topgrade,stars,2023-11-02,3384,wayback
https://github.com/r-darwish/topgrade,stars,2024-01-12,3379,wayback
https://github.com/r-darwish/topgrade,stars,2024-02-01,3373,wayback
https://github.com/r-darwish/topgrade,stars,2024-05-08,3368,wayback
https://github.com/r-darwish/topgrade,stars,2024-07-07,3368,wayback
https://github.com/r-darwish/topgrade,stars,2024-10-08,3348,wayback
https://github.com/r-darwish/topgrade,stars,2024-11-07,3345,wayback
https://github.com/r-darwish/topgrade,stars,2025-01-16,3334,wayback
https://github.com/r-darwish/topgrade,stars,2025-02-01,3331,wayback
https://github.com/r-darwish/topgrade,stars,2025-03-14,3336,wayback
https://github.com/r-darwish/topgrade,stars,2025-04-03,3334,wayback
https://github.com/r-darwish/topgrade,stars,2025-05-02,3332,wayback
https://github.com/r-darwish/topgrade,stars,2025-08-12,3320,wayback
https://github.com/r-darwish/topgrade,stars,2025-09-07,3317,wayback
https://github.com/r-darwish/topgrade,stars,2025-10-07,3310,wayback
https://github.com/r-darwish/topgrade,stars,2025-11-22,3308,wayback
https://github.com/r-darwish/topgrade,stars,2025-12-14,3307,wayback
https://github.com/r-darwish/topgrade,stars,2026-01-13,3309,wayback
https://github.com/r-darwish/topgrade,stars,2026-02-05,3309,wayback
https://github.com/r-darwish/topgrade,stars,2026-03-10,3306,wayback
https://github.com/r-darwish/topgrade,stars,2026-05-09,3305,wayback
https://github.com/r-darwish/topgrade,stars,2026-06-23,3307,wayback
https://github.com/r-darwish/topgrade,stars,2026-07-08,3309,wayback
https://github.com/r-darwish/topgrade,stars,2026-08-13,3308,sample
https://github.com/r-darwish/topgrade,stars,2026-08-17,3307,sample
https://github.com/r-darwish/topgrade,stars,2026-08-18,3307,sample
https://github.com/racket/racket,commit,2026-08-18,2026-08-17,sample
https://github.com/racket/racket,release,2026-08-18,2026-08-13,sample
https://github.com/racket/racket,release_source,2026-08-18,release,sample
https://github.com/racket/racket,stars,2010-04-18,0,created
https://github.com/racket/racket,stars,2026-08-18,5197,sample
https://github.com/rami3l/pacaptr,commit,2026-08-18,2026-08-16,sample
https://github.com/rami3l/pacaptr,release,2026-08-18,2025-11-09,sample
https://github.com/rami3l/pacaptr,release_source,2026-08-18,release,sample
https://github.com/rami3l/pacaptr,stars,2020-03-04,0,created
https://github.com/rami3l/pacaptr,stars,2020-12-06,97,wayback
https://github.com/rami3l/pacaptr,stars,2021-08-23,169,wayback
https://github.com/rami3l/pacaptr,stars,2021-10-21,182,wayback
https://github.com/rami3l/pacaptr,stars,2022-03-13,207,wayback
https://github.com/rami3l/pacaptr,stars,2022-04-05,221,wayback
https://github.com/rami3l/pacaptr,stars,2022-05-18,239,wayback
https://github.com/rami3l/pacaptr,stars,2022-06-17,239,wayback
https://github.com/rami3l/pacaptr,stars,2022-10-12,251,wayback
https://github.com/rami3l/pacaptr,stars,2022-12-06,267,wayback
https://github.com/rami3l/pacaptr,stars,2023-03-05,283,wayback
https://github.com/rami3l/pacaptr,stars,2023-06-28,299,wayback
https://github.com/rami3l/pacaptr,stars,2023-07-29,306,wayback
https://github.com/rami3l/pacaptr,stars,2024-01-19,335,wayback
https://github.com/rami3l/pacaptr,stars,2024-02-26,341,wayback
https://github.com/rami3l/pacaptr,stars,2024-03-13,343,wayback
https://github.com/rami3l/pacaptr,stars,2024-04-19,345,wayback
https://github.com/rami3l/pacaptr,stars,2024-05-12,349,wayback
https://github.com/rami3l/pacaptr,stars,2024-09-06,361,wayback
https://github.com/rami3l/pacaptr,stars,2024-10-06,365,wayback
https://github.com/rami3l/pacaptr,stars,2024-11-13,368,wayback
https://github.com/rami3l/pacaptr,stars,2024-12-13,374,wayback
https://github.com/rami3l/pacaptr,stars,2025-03-18,380,wayback
https://github.com/rami3l/pacaptr,stars,2025-04-16,383,wayback
https://github.com/rami3l/pacaptr,stars,2025-07-11,390,wayback
https://github.com/rami3l/pacaptr,stars,2025-09-10,396,wayback
https://github.com/rami3l/pacaptr,stars,2025-10-05,397,wayback
https://github.com/rami3l/pacaptr,stars,2025-12-28,403,wayback
https://github.com/rami3l/pacaptr,stars,2026-01-30,406,wayback
https://github.com/rami3l/pacaptr,stars,2026-02-08,407,wayback
https://github.com/rami3l/pacaptr,stars,2026-05-29,416,wayback
https://github.com/rami3l/pacaptr,stars,2026-08-13,419,sample
https://github.com/rami3l/pacaptr,stars,2026-08-18,421,sample
https://github.com/ripytide/metapac,commit,2026-08-17,2026-08-11,sample
https://github.com/ripytide/metapac,release,2026-08-17,2026-08-09,sample
https://github.com/ripytide/metapac,release_source,2026-08-17,release,sample
https://github.com/ripytide/metapac,stars,2024-08-29,0,created
https://github.com/ripytide/metapac,stars,2024-11-13,13,wayback
https://github.com/ripytide/metapac,stars,2025-03-16,50,wayback
https://github.com/ripytide/metapac,stars,2025-04-11,53,wayback
https://github.com/ripytide/metapac,stars,2025-07-29,95,wayback
https://github.com/ripytide/metapac,stars,2025-08-09,115,wayback
https://github.com/ripytide/metapac,stars,2025-09-27,179,wayback
https://github.com/ripytide/metapac,stars,2025-11-24,221,wayback
https://github.com/ripytide/metapac,stars,2026-01-06,237,wayback
https://github.com/ripytide/metapac,stars,2026-02-19,263,wayback
https://github.com/ripytide/metapac,stars,2026-06-05,287,wayback
https://github.com/ripytide/metapac,stars,2026-08-01,301,wayback
https://github.com/ripytide/metapac,stars,2026-08-13,303,sample
https://github.com/ripytide/metapac,stars,2026-08-17,304,sample
https://github.com/ripytide/metapac,stars,2026-08-18,304,sample
https://github.com/rossmacarthur/sheldon,commit,2026-08-13,2026-07-01,sample
https://github.com/rossmacarthur/sheldon,release,2026-08-13,2025-07-22,sample
https://github.com/rossmacarthur/sheldon,release_source,2026-08-13,release,sample
https://github.com/rossmacarthur/sheldon,stars,2019-03-03,0,created
https://github.com/rossmacarthur/sheldon,stars,2026-08-13,1558,sample
https://github.com/rossmacarthur/sheldon,stars,2026-08-17,1560,sample
https://github.com/rossmacarthur/sheldon,stars,2026-08-18,1560,sample
https://github.com/rpm-software-management/dnf,commit,2026-08-13,2026-08-07,sample
https://github.com/rpm-software-management/dnf,release,2026-08-13,2025-10-21,sample
https://github.com/rpm-software-management/dnf,release_source,2026-08-13,release,sample
https://github.com/rpm-software-management/dnf,stars,2012-03-09,0,created
https://github.com/rpm-software-management/dnf,stars,2026-08-13,1378,sample
https://github.com/rpm-software-management/dnf,stars,2026-08-17,1378,sample
https://github.com/rpm-software-management/dnf,stars,2026-08-18,1378,sample
https://github.com/rpm-software-management/dnf5,commit,2026-08-13,2026-08-13,sample
https://github.com/rpm-software-management/dnf5,release,2026-08-13,2026-08-12,sample
https://github.com/rpm-software-management/dnf5,release_source,2026-08-13,release,sample
https://github.com/rpm-software-management/dnf5,stars,2022-07-27,0,created
https://github.com/rpm-software-management/dnf5,stars,2026-08-13,461,sample
https://github.com/rpm-software-management/dnf5,stars,2026-08-17,461,sample
https://github.com/rpm-software-management/dnf5,stars,2026-08-18,461,sample
https://github.com/rpm-software-management/yum,commit,2026-08-13,2021-04-02,sample
https://github.com/rpm-software-management/yum,stars,2015-03-04,0,created
https://github.com/rpm-software-management/yum,stars,2026-08-13,135,sample
https://github.com/rpm-software-management/yum,stars,2026-08-17,135,sample
https://github.com/rpm-software-management/yum,stars,2026-08-18,135,sample
https://github.com/ruby/rubygems,commit,2026-08-18,2026-08-18,sample
https://github.com/ruby/rubygems,release,2026-08-13,2026-08-05,sample
https://github.com/ruby/rubygems,release_source,2026-08-13,release,sample
https://github.com/ruby/rubygems,stars,2010-04-16,0,created
https://github.com/ruby/rubygems,stars,2026-08-13,3952,sample
https://github.com/ruby/rubygems,stars,2026-08-17,3953,sample
https://github.com/ruby/rubygems,stars,2026-08-18,3953,sample
https://github.com/rust-lang/cargo,commit,2026-08-18,2026-08-18,sample
https://github.com/rust-lang/cargo,release,2026-08-13,2026-06-30,sample
https://github.com/rust-lang/cargo,release_source,2026-08-13,tag,sample
https://github.com/rust-lang/cargo,stars,2014-03-04,0,created
https://github.com/rust-lang/cargo,stars,2026-08-13,15382,sample
https://github.com/rust-lang/cargo,stars,2026-08-17,15387,sample
https://github.com/rust-lang/cargo,stars,2026-08-18,15387,sample
https://github.com/rust-lang/rustup,commit,2026-08-17,2026-08-17,sample
https://github.com/rust-lang/rustup,release,2026-08-13,2026-03-05,sample
https://github.com/rust-lang/rustup,release_source,2026-08-13,tag,sample
https://github.com/rust-lang/rustup,stars,2015-09-26,0,created
https://github.com/rust-lang/rustup,stars,2026-08-13,7002,sample
https://github.com/rust-lang/rustup,stars,2026-08-17,7013,sample
https://github.com/rust-lang/rustup,stars,2026-08-18,7014,sample
https://github.com/sdkman/sdkman-cli,commit,2026-08-13,2026-08-05,sample
https://github.com/sdkman/sdkman-cli,release,2026-08-13,2026-08-05,sample
https://github.com/sdkman/sdkman-cli,release_source,2026-08-13,tag,sample
https://github.com/sdkman/sdkman-cli,stars,2012-08-27,0,created
https://github.com/sdkman/sdkman-cli,stars,2026-08-13,6830,sample
https://github.com/sdkman/sdkman-cli,stars,2026-08-17,6828,sample
https://github.com/sdkman/sdkman-cli,stars,2026-08-18,6828,sample
https://github.com/sigoden/upt,commit,2026-08-17,2024-10-30,sample
https://github.com/sigoden/upt,release,2026-08-17,2024-10-31,sample
https://github.com/sigoden/upt,release_source,2026-08-17,release,sample
https://github.com/sigoden/upt,stars,2019-03-31,0,created
https://github.com/sigoden/upt,stars,2020-03-13,28,wayback
https://github.com/sigoden/upt,stars,2020-09-05,34,wayback
https://github.com/sigoden/upt,stars,2020-11-12,38,wayback
https://github.com/sigoden/upt,stars,2023-12-23,140,wayback
https://github.com/sigoden/upt,stars,2024-01-06,186,wayback
https://github.com/sigoden/upt,stars,2024-04-16,277,wayback
https://github.com/sigoden/upt,stars,2024-08-03,405,wayback
https://github.com/sigoden/upt,stars,2024-09-01,423,wayback
https://github.com/sigoden/upt,stars,2024-10-08,431,wayback
https://github.com/sigoden/upt,stars,2024-11-13,442,wayback
https://github.com/sigoden/upt,stars,2024-12-18,446,wayback
https://github.com/sigoden/upt,stars,2025-01-22,453,wayback
https://github.com/sigoden/upt,stars,2025-03-19,468,wayback
https://github.com/sigoden/upt,stars,2025-04-01,478,wayback
https://github.com/sigoden/upt,stars,2025-05-09,483,wayback
https://github.com/sigoden/upt,stars,2025-07-08,489,wayback
https://github.com/sigoden/upt,stars,2025-11-17,513,wayback
https://github.com/sigoden/upt,stars,2025-12-25,518,wayback
https://github.com/sigoden/upt,stars,2026-01-30,519,wayback
https://github.com/sigoden/upt,stars,2026-03-07,520,wayback
https://github.com/sigoden/upt,stars,2026-08-13,530,sample
https://github.com/sigoden/upt,stars,2026-08-17,530,sample
https://github.com/sigoden/upt,stars,2026-08-18,530,sample
https://github.com/sourcemage/sorcery,commit,2026-08-17,2026-08-16,sample
https://github.com/sourcemage/sorcery,stars,2015-12-27,0,created
https://github.com/sourcemage/sorcery,stars,2026-08-13,7,sample
https://github.com/sourcemage/sorcery,stars,2026-08-17,7,sample
https://github.com/sourcemage/sorcery,stars,2026-08-18,7,sample
https://github.com/spack/spack,commit,2026-08-17,2026-08-17,sample
https://github.com/spack/spack,release,2026-08-17,2026-07-20,sample
https://github.com/spack/spack,release_source,2026-08-17,release,sample
https://github.com/spack/spack,stars,2014-01-08,0,created
https://github.com/spack/spack,stars,2026-08-17,5108,sample
https://github.com/spack/spack,stars,2026-08-18,5106,sample
https://github.com/sxyazi/yazi,commit,2026-08-17,2026-08-17,sample
https://github.com/sxyazi/yazi,release,2026-08-17,2026-08-17,sample
https://github.com/sxyazi/yazi,release_source,2026-08-17,tag,sample
https://github.com/sxyazi/yazi,stars,2023-07-08,0,created
https://github.com/sxyazi/yazi,stars,2026-08-17,41425,sample
https://github.com/sxyazi/yazi,stars,2026-08-18,41445,sample
https://github.com/topgrade-rs/topgrade,commit,2026-08-17,2026-08-16,sample
https://github.com/topgrade-rs/topgrade,release,2026-08-13,2026-07-28,sample
https://github.com/topgrade-rs/topgrade,release_source,2026-08-13,release,sample
https://github.com/topgrade-rs/topgrade,stars,2022-10-11,0,created
https://github.com/topgrade-rs/topgrade,stars,2022-10-14,27,wayback
https://github.com/topgrade-rs/topgrade,stars,2022-11-05,183,wayback
https://github.com/topgrade-rs/topgrade,stars,2022-12-02,349,wayback
https://github.com/topgrade-rs/topgrade,stars,2023-01-21,550,wayback
https://github.com/topgrade-rs/topgrade,stars,2023-02-01,619,wayback
https://github.com/topgrade-rs/topgrade,stars,2023-04-12,817,wayback
https://github.com/topgrade-rs/topgrade,stars,2023-06-08,959,wayback
https://github.com/topgrade-rs/topgrade,stars,2023-07-04,1007,wayback
https://github.com/topgrade-rs/topgrade,stars,2023-10-03,1148,wayback
https://github.com/topgrade-rs/topgrade,stars,2023-11-02,1199,wayback
https://github.com/topgrade-rs/topgrade,stars,2023-12-01,1246,wayback
https://github.com/topgrade-rs/topgrade,stars,2024-01-15,1329,wayback
https://github.com/topgrade-rs/topgrade,stars,2024-03-06,1438,wayback
https://github.com/topgrade-rs/topgrade,stars,2024-05-28,1620,wayback
https://github.com/topgrade-rs/topgrade,stars,2024-06-12,1666,wayback
https://github.com/topgrade-rs/topgrade,stars,2024-08-19,1827,wayback
https://github.com/topgrade-rs/topgrade,stars,2024-09-01,1854,wayback
https://github.com/topgrade-rs/topgrade,stars,2024-10-03,1950,wayback
https://github.com/topgrade-rs/topgrade,stars,2024-11-07,2035,wayback
https://github.com/topgrade-rs/topgrade,stars,2024-12-01,2078,wayback
https://github.com/topgrade-rs/topgrade,stars,2025-01-08,2159,wayback
https://github.com/topgrade-rs/topgrade,stars,2025-02-14,2227,wayback
https://github.com/topgrade-rs/topgrade,stars,2025-03-07,2262,wayback
https://github.com/topgrade-rs/topgrade,stars,2025-04-20,2364,wayback
https://github.com/topgrade-rs/topgrade,stars,2025-05-02,2384,wayback
https://github.com/topgrade-rs/topgrade,stars,2025-06-22,2513,wayback
https://github.com/topgrade-rs/topgrade,stars,2025-07-05,2528,wayback
https://github.com/topgrade-rs/topgrade,stars,2025-08-13,2766,wayback
https://github.com/topgrade-rs/topgrade,stars,2025-09-18,2850,wayback
https://github.com/topgrade-rs/topgrade,stars,2025-10-01,2880,wayback
https://github.com/topgrade-rs/topgrade,stars,2025-11-15,3031,wayback
https://github.com/topgrade-rs/topgrade,stars,2025-12-02,3109,wayback
https://github.com/topgrade-rs/topgrade,stars,2026-01-11,3259,wayback
https://github.com/topgrade-rs/topgrade,stars,2026-02-01,3386,wayback
https://github.com/topgrade-rs/topgrade,stars,2026-03-07,3517,wayback
https://github.com/topgrade-rs/topgrade,stars,2026-04-08,3643,wayback
https://github.com/topgrade-rs/topgrade,stars,2026-05-09,3981,wayback
https://github.com/topgrade-rs/topgrade,stars,2026-06-01,4131,wayback
https://github.com/topgrade-rs/topgrade,stars,2026-08-13,4387,sample
https://github.com/topgrade-rs/topgrade,stars,2026-08-17,4405,sample
https://github.com/topgrade-rs/topgrade,stars,2026-08-18,4408,sample
https://github.com/transcode-open/apt-cyg,commit,2026-08-13,2017-01-28,sample
https://github.com/transcode-open/apt-cyg,release,2026-08-13,2016-01-03,sample
https://github.com/transcode-open/apt-cyg,release_source,2026-08-13,tag,sample
https://github.com/transcode-open/apt-cyg,stars,2013-07-28,0,created
https://github.com/transcode-open/apt-cyg,stars,2026-08-13,3015,sample
https://github.com/transcode-open/apt-cyg,stars,2026-08-17,3015,sample
https://github.com/transcode-open/apt-cyg,stars,2026-08-18,3015,sample
https://github.com/trizen/trizen,commit,2026-08-13,2025-08-11,sample
https://github.com/trizen/trizen,release,2026-08-13,2022-12-02,sample
https://github.com/trizen/trizen,release_source,2026-08-13,release,sample
https://github.com/trizen/trizen,stars,2011-02-17,0,created
https://github.com/trizen/trizen,stars,2026-08-13,824,sample
https://github.com/trizen/trizen,stars,2026-08-17,824,sample
https://github.com/trizen/trizen,stars,2026-08-18,824,sample
https://github.com/ugexe/zef,commit,2026-08-17,2026-05-24,sample
https://github.com/ugexe/zef,release,2026-08-17,2026-05-24,sample
https://github.com/ugexe/zef,release_source,2026-08-17,release,sample
https://github.com/ugexe/zef,stars,2013-07-03,0,created
https://github.com/ugexe/zef,stars,2026-08-17,225,sample
https://github.com/ugexe/zef,stars,2026-08-18,225,sample
https://github.com/void-linux/xbps,commit,2026-08-13,2026-05-01,sample
https://github.com/void-linux/xbps,release,2026-08-13,2026-02-09,sample
https://github.com/void-linux/xbps,release_source,2026-08-13,release,sample
https://github.com/void-linux/xbps,stars,2018-06-15,0,created
https://github.com/void-linux/xbps,stars,2026-08-13,1127,sample
https://github.com/void-linux/xbps,stars,2026-08-17,1131,sample
https://github.com/void-linux/xbps,stars,2026-08-18,1131,sample
https://github.com/volta-cli/volta,commit,2026-08-13,2025-11-15,sample
https://github.com/volta-cli/volta,release,2026-08-13,2024-12-05,sample
https://github.com/volta-cli/volta,release_source,2026-08-13,release,sample
https://github.com/volta-cli/volta,stars,2017-09-25,0,created
https://github.com/volta-cli/volta,stars,2026-08-13,13048,sample
https://github.com/volta-cli/volta,stars,2026-08-17,13053,sample
https://github.com/volta-cli/volta,stars,2026-08-18,13053,sample
https://github.com/wimpysworld/deb-get,commit,2026-08-13,2026-08-13,sample
https://github.com/wimpysworld/deb-get,release,2026-08-13,2026-06-22,sample
https://github.com/wimpysworld/deb-get,release_source,2026-08-13,release,sample
https://github.com/wimpysworld/deb-get,stars,2022-04-18,0,created
https://github.com/wimpysworld/deb-get,stars,2026-08-13,1735,sample
https://github.com/wimpysworld/deb-get,stars,2026-08-17,1736,sample
https://github.com/wimpysworld/deb-get,stars,2026-08-18,1736,sample
https://github.com/winpax/sfsu,commit,2026-08-17,2026-08-17,sample
https://github.com/winpax/sfsu,release,2026-08-13,2026-07-28,sample
https://github.com/winpax/sfsu,release_source,2026-08-13,release,sample
https://github.com/winpax/sfsu,stars,2022-10-28,0,created
https://github.com/winpax/sfsu,stars,2026-08-13,243,sample
https://github.com/winpax/sfsu,stars,2026-08-17,245,sample
https://github.com/winpax/sfsu,stars,2026-08-18,245,sample
https://github.com/yarnpkg/berry,commit,2026-08-13,2026-07-29,sample
https://github.com/yarnpkg/berry,release,2026-08-13,2026-07-29,sample
https://github.com/yarnpkg/berry,release_source,2026-08-13,release,sample
https://github.com/yarnpkg/berry,stars,2018-09-10,0,created
https://github.com/yarnpkg/berry,stars,2026-08-13,8096,sample
https://github.com/yarnpkg/berry,stars,2026-08-17,8102,sample
https://github.com/yarnpkg/berry,stars,2026-08-18,8101,sample
https://github.com/yarnpkg/yarn,commit,2026-08-13,2026-02-12,sample
https://github.com/yarnpkg/yarn,release,2026-08-13,2024-03-09,sample
https://github.com/yarnpkg/yarn,release_source,2026-08-13,release,sample
https://github.com/yarnpkg/yarn,stars,2016-01-19,0,created
https://github.com/yarnpkg/yarn,stars,2026-08-13,41493,sample
https://github.com/yarnpkg/yarn,stars,2026-08-17,41490,sample
https://github.com/yarnpkg/yarn,stars,2026-08-18,41487,sample
https://github.com/zdharma-continuum/zinit,commit,2026-08-17,2026-08-14,sample
https://github.com/zdharma-continuum/zinit,release,2026-08-13,2026-07-01,sample
https://github.com/zdharma-continuum/zinit,release_source,2026-08-13,release,sample
https://github.com/zdharma-continuum/zinit,stars,2021-10-30,0,created
https://github.com/zdharma-continuum/zinit,stars,2026-08-13,4803,sample
https://github.com/zdharma-continuum/zinit,stars,2026-08-17,4803,sample
https://github.com/zdharma-continuum/zinit,stars,2026-08-18,4804,sample
https://github.com/zimfw/zimfw,commit,2026-08-17,2026-08-17,sample
https://github.com/zimfw/zimfw,release,2026-08-17,2026-08-16,sample
https://github.com/zimfw/zimfw,release_source,2026-08-13,release,sample
https://github.com/zimfw/zimfw,stars,2015-12-15,0,created
https://github.com/zimfw/zimfw,stars,2026-08-13,4665,sample
https://github.com/zimfw/zimfw,stars,2026-08-17,4665,sample
https://github.com/zimfw/zimfw,stars,2026-08-18,4667,sample
https://github.com/zplug/zplug,commit,2026-08-13,2026-03-04,sample
https://github.com/zplug/zplug,release,2026-08-13,2017-12-28,sample
https://github.com/zplug/zplug,release_source,2026-08-13,release,sample
https://github.com/zplug/zplug,stars,2015-11-21,0,created
https://github.com/zplug/zplug,stars,2026-08-13,6048,sample
https://github.com/zplug/zplug,stars,2026-08-17,6049,sample
https://github.com/zplug/zplug,stars,2026-08-18,6049,sample
https://github.com/zsh-users/antigen,commit,2026-08-13,2026-07-15,sample
https://github.com/zsh-users/antigen,release,2026-08-13,2018-01-04,sample
https://github.com/zsh-users/antigen,release_source,2026-08-13,release,sample
https://github.com/zsh-users/antigen,stars,2012-05-25,0,created
https://github.com/zsh-users/antigen,stars,2026-08-13,8347,sample
https://github.com/zsh-users/antigen,stars,2026-08-17,8350,sample
https://github.com/zsh-users/antigen,stars,2026-08-18,8350,sample
https://gitlab.alpinelinux.org/alpine/apk-tools,commit,2026-08-13,2026-08-08,sample
https://gitlab.alpinelinux.org/alpine/apk-tools,release,2026-08-13,2026-07-28,sample
https://gitlab.alpinelinux.org/alpine/apk-tools,release_source,2026-08-13,release,sample
https://gitlab.alpinelinux.org/alpine/apk-tools,stars,2019-07-14,0,created
https://gitlab.alpinelinux.org/alpine/apk-tools,stars,2026-08-13,42,sample
https://gitlab.alpinelinux.org/alpine/apk-tools,stars,2026-08-17,42,sample
https://gitlab.alpinelinux.org/alpine/apk-tools,stars,2026-08-18,42,sample
https://gitlab.archlinux.org/pacman/pacman,commit,2026-08-13,2026-01-25,sample
https://gitlab.archlinux.org/pacman/pacman,release,2026-08-13,2025-11-01,sample
https://gitlab.archlinux.org/pacman/pacman,release_source,2026-08-13,release,sample
https://gitlab.archlinux.org/pacman/pacman,stars,2021-06-24,0,created
https://gitlab.archlinux.org/pacman/pacman,stars,2026-08-13,66,sample
https://gitlab.archlinux.org/pacman/pacman,stars,2026-08-17,66,sample
https://gitlab.archlinux.org/pacman/pacman,stars,2026-08-18,66,sample
https://gitlab.com/volian/nala,commit,2026-08-17,2026-08-09,sample
https://gitlab.com/volian/nala,release,2026-08-17,2025-04-20,sample
https://gitlab.com/volian/nala,release_source,2026-08-17,tag,sample
https://gitlab.com/volian/nala,stars,2021-12-07,0,created
https://gitlab.com/volian/nala,stars,2026-08-17,920,sample
https://gitlab.com/volian/nala,stars,2026-08-18,920,sample
https://gitlab.exherbo.org/paludis/paludis,commit,2026-08-13,2026-06-24,sample
https://gitlab.exherbo.org/paludis/paludis,release,2026-08-13,2025-03-20,sample
https://gitlab.exherbo.org/paludis/paludis,release_source,2026-08-13,tag,sample
https://gitlab.exherbo.org/paludis/paludis,stars,2017-05-11,0,created
https://gitlab.exherbo.org/paludis/paludis,stars,2026-08-13,3,sample
https://gitlab.exherbo.org/paludis/paludis,stars,2026-08-17,3,sample
https://gitlab.exherbo.org/paludis/paludis,stars,2026-08-18,3,sample
https://salsa.debian.org/apt-team/apt,commit,2026-08-17,2026-08-17,sample
https://salsa.debian.org/apt-team/apt,release,2026-08-17,2026-08-14,sample
https://salsa.debian.org/apt-team/apt,release_source,2026-08-13,tag,sample
https://salsa.debian.org/apt-team/apt,stars,2017-12-25,0,created
https://salsa.debian.org/apt-team/apt,stars,2026-08-13,67,sample
https://salsa.debian.org/apt-team/apt,stars,2026-08-17,67,sample
https://salsa.debian.org/apt-team/apt,stars,2026-08-18,67,sample
